snapshot_date,meeting_date,rate_range,prob_now,prob_1d,prob_1w,prob_1m,is_most_likely,contract,mid_price,current_target_rate
2026-07-12,2027-09-15,NO CHANGE,65.8,65.8,65.8,65.8,True,,,
2026-07-12,2027-09-15,HIKE,34.2,34.2,34.2,34.2,False,,,
2026-07-12,2027-09-15,NO CHANGE,65.8,65.8,65.8,65.8,True,,,
2026-07-12,2027-09-15,HIKE,34.2,34.2,34.2,34.2,False,,,
2026-07-12,2027-09-15,NO CHANGE,65.8,65.8,65.8,65.8,True,,,
2026-07-12,2027-09-15,HIKE,34.2,34.2,34.2,34.2,False,,,
2026-07-13,2026-07-29,325-350,0.0,0.0,0.0,2.3,0,ZQN6,96.3688,350-375
2026-07-13,2026-07-29,350-375 (Current),61.0,65.8,74.3,89.3,1,ZQN6,96.3688,350-375
2026-07-13,2026-07-29,375-400,39.0,34.2,25.7,8.3,0,ZQN6,96.3688,350-375
2026-07-13,2026-09-16,325-350,0.0,0.0,0.0,1.9,0,ZQU6,96.2175,350-375
2026-07-13,2026-09-16,350-375 (Current),28.4,30.4,42.9,71.5,0,ZQU6,96.2175,350-375
2026-07-13,2026-09-16,375-400,50.8,51.2,46.2,24.9,1,ZQU6,96.2175,350-375
2026-07-13,2026-09-16,400-425,20.8,18.4,10.8,1.7,0,ZQU6,96.2175,350-375
2026-07-13,2026-10-28,325-350,0.0,0.0,0.0,1.6,0,ZQV6,96.1375,350-375
2026-07-13,2026-10-28,350-375 (Current),20.9,23.6,35.3,60.7,0,ZQV6,96.1375,350-375
2026-07-13,2026-10-28,375-400,44.8,46.6,45.7,32.2,1,ZQV6,96.1375,350-375
2026-07-13,2026-10-28,400-425,28.8,25.7,17.1,5.3,0,ZQV6,96.1375,350-375
2026-07-13,2026-10-28,425-450,5.5,4.1,1.9,0.3,0,ZQV6,96.1375,350-375
2026-07-13,2026-12-09,325-350,0.0,0.0,0.0,1.0,0,ZQZ6,96.0075,350-375
2026-07-13,2026-12-09,350-375 (Current),12.5,14.6,23.8,39.6,0,ZQZ6,96.0075,350-375
2026-07-13,2026-12-09,375-400,35.2,37.8,42.3,42.3,1,ZQZ6,96.0075,350-375
2026-07-13,2026-12-09,400-425,35.2,33.7,26.4,14.9,1,ZQZ6,96.0075,350-375
2026-07-13,2026-12-09,425-450,14.8,12.3,6.9,2.1,0,ZQZ6,96.0075,350-375
2026-07-13,2026-12-09,450-475,2.2,1.6,0.6,0.1,0,ZQZ6,96.0075,350-375
2026-07-13,2027-01-27,325-350,0.0,0.0,0.0,0.8,0,ZQF7,95.9725,350-375
2026-07-13,2027-01-27,350-375 (Current),10.5,12.6,21.1,32.5,0,ZQF7,95.9725,350-375
2026-07-13,2027-01-27,375-400,31.6,34.6,40.2,41.8,0,ZQF7,95.9725,350-375
2026-07-13,2027-01-27,400-425,35.2,34.2,28.2,19.9,1,ZQF7,95.9725,350-375
2026-07-13,2027-01-27,425-450,18.1,15.3,9.1,4.4,0,ZQF7,95.9725,350-375
2026-07-13,2027-01-27,450-475,4.2,3.0,1.3,0.5,0,ZQF7,95.9725,350-375
2026-07-13,2027-01-27,475-500,0.4,0.2,0.1,0.0,0,ZQF7,95.9725,350-375
2026-07-13,2027-03-17,325-350,0.0,0.0,0.0,0.6,0,ZQH7,95.9100,350-375
2026-07-13,2027-03-17,350-375 (Current),8.2,9.9,17.3,25.2,0,ZQH7,95.9100,350-375
2026-07-13,2027-03-17,375-400,27.0,29.8,36.8,39.7,0,ZQH7,95.9100,350-375
2026-07-13,2027-03-17,400-425,34.4,34.3,30.4,25.0,1,ZQH7,95.9100,350-375
2026-07-13,2027-03-17,425-450,21.8,19.4,12.5,8.0,0,ZQH7,95.9100,350-375
2026-07-13,2027-03-17,450-475,7.2,5.7,2.7,1.4,0,ZQH7,95.9100,350-375
2026-07-13,2027-03-17,475-500,1.2,0.8,0.3,0.1,0,ZQH7,95.9100,350-375
2026-07-13,2027-03-17,500-525,0.1,0.0,0.0,0.0,0,ZQH7,95.9100,350-375
2026-07-13,2027-04-28,325-350,0.0,0.0,0.0,0.6,0,ZQJ7,95.8825,350-375
2026-07-13,2027-04-28,350-375 (Current),7.7,9.4,17.0,22.0,0,ZQJ7,95.8825,350-375
2026-07-13,2027-04-28,375-400,25.8,29.0,36.3,37.8,0,ZQJ7,95.8825,350-375
2026-07-13,2027-04-28,400-425,33.9,34.1,30.5,26.9,1,ZQJ7,95.8825,350-375
2026-07-13,2027-04-28,425-450,22.6,20.0,12.9,10.2,0,ZQJ7,95.8825,350-375
2026-07-13,2027-04-28,450-475,8.2,6.3,2.9,2.2,0,ZQJ7,95.8825,350-375
2026-07-13,2027-04-28,475-500,1.6,1.0,0.4,0.3,0,ZQJ7,95.8825,350-375
2026-07-13,2027-04-28,500-525,0.1,0.1,0.0,0.0,0,ZQJ7,95.8825,350-375
2026-07-13,2027-06-09,325-350,0.4,0.7,1.5,0.5,0,ZQM7,95.8775,350-375
2026-07-13,2027-06-09,350-375 (Current),8.6,10.8,18.6,21.4,0,ZQM7,95.8775,350-375
2026-07-13,2027-06-09,375-400,26.3,29.4,35.8,37.4,0,ZQM7,95.8775,350-375
2026-07-13,2027-06-09,400-425,33.4,33.1,29.0,27.2,1,ZQM7,95.8775,350-375
2026-07-13,2027-06-09,425-450,21.9,19.1,12.0,10.7,0,ZQM7,95.8775,350-375
2026-07-13,2027-06-09,450-475,7.8,5.9,2.7,2.5,0,ZQM7,95.8775,350-375
2026-07-13,2027-06-09,475-500,1.5,1.0,0.3,0.3,0,ZQM7,95.8775,350-375
2026-07-13,2027-06-09,500-525,0.1,0.1,0.0,0.0,0,ZQM7,95.8775,350-375
2026-07-13,2027-07-28,300-325,0.0,0.1,0.2,0,0,ZQN7,95.8825,350-375
2026-07-13,2027-07-28,325-350,1.1,1.6,3.8,0,0,ZQN7,95.8825,350-375
2026-07-13,2027-07-28,350-375 (Current),10.2,12.5,20.9,0,0,ZQN7,95.8825,350-375
2026-07-13,2027-07-28,375-400,26.9,29.7,34.9,0,0,ZQN7,95.8825,350-375
2026-07-13,2027-07-28,400-425,32.3,31.9,26.7,0,1,ZQN7,95.8825,350-375
2026-07-13,2027-07-28,425-450,20.6,17.9,10.8,0,0,ZQN7,95.8825,350-375
2026-07-13,2027-07-28,450-475,7.3,5.5,2.4,0,0,ZQN7,95.8825,350-375
2026-07-13,2027-07-28,475-500,1.4,0.9,0.3,0,0,ZQN7,95.8825,350-375
2026-07-13,2027-07-28,500-525,0.1,0.1,0.0,0,0,ZQN7,95.8825,350-375
2026-07-13,2027-09-15,300-325,0.2,0,0,0,0,ZQU7,95.9200,350-375
2026-07-13,2027-09-15,325-350,2.3,0,0,0,0,ZQU7,95.9200,350-375
2026-07-13,2027-09-15,350-375 (Current),12.4,0,0,0,0,ZQU7,95.9200,350-375
2026-07-13,2027-09-15,375-400,27.6,0,0,0,0,ZQU7,95.9200,350-375
2026-07-13,2027-09-15,400-425,30.8,0,0,0,1,ZQU7,95.9200,350-375
2026-07-13,2027-09-15,425-450,18.9,0,0,0,0,ZQU7,95.9200,350-375
2026-07-13,2027-09-15,450-475,6.5,0,0,0,0,ZQU7,95.9200,350-375
2026-07-13,2027-09-15,475-500,1.2,0,0,0,0,ZQU7,95.9200,350-375
2026-07-13,2027-09-15,500-525,0.1,0,0,0,0,ZQU7,95.9200,350-375
2026-07-13,2026-07-29,325-350,0.0,0.0,0.0,2.3,0,ZQN6,96.3688,350-375
2026-07-13,2026-07-29,350-375 (Current),61.0,65.8,74.3,89.3,1,ZQN6,96.3688,350-375
2026-07-13,2026-07-29,375-400,39.0,34.2,25.7,8.3,0,ZQN6,96.3688,350-375
2026-07-13,2026-09-16,325-350,0.0,0.0,0.0,1.9,0,ZQU6,96.2150,350-375
2026-07-13,2026-09-16,350-375 (Current),27.2,30.4,42.9,71.5,0,ZQU6,96.2150,350-375
2026-07-13,2026-09-16,375-400,51.2,51.2,46.2,24.9,1,ZQU6,96.2150,350-375
2026-07-13,2026-09-16,400-425,21.6,18.4,10.8,1.7,0,ZQU6,96.2150,350-375
2026-07-13,2026-10-28,325-350,0.0,0.0,0.0,1.6,0,ZQV6,96.1325,350-375
2026-07-13,2026-10-28,350-375 (Current),20.0,23.6,35.3,60.7,0,ZQV6,96.1325,350-375
2026-07-13,2026-10-28,375-400,44.8,46.6,45.7,32.2,1,ZQV6,96.1325,350-375
2026-07-13,2026-10-28,400-425,29.5,25.7,17.1,5.3,0,ZQV6,96.1325,350-375
2026-07-13,2026-10-28,425-450,5.7,4.1,1.9,0.3,0,ZQV6,96.1325,350-375
2026-07-13,2026-12-09,325-350,0.0,0.0,0.0,1.0,0,ZQZ6,96.0025,350-375
2026-07-13,2026-12-09,350-375 (Current),12.4,14.6,23.8,39.6,0,ZQZ6,96.0025,350-375
2026-07-13,2026-12-09,375-400,35.5,37.8,42.3,42.3,1,ZQZ6,96.0025,350-375
2026-07-13,2026-12-09,400-425,35.3,33.7,26.4,14.9,0,ZQZ6,96.0025,350-375
2026-07-13,2026-12-09,425-450,14.7,12.3,6.9,2.1,0,ZQZ6,96.0025,350-375
2026-07-13,2026-12-09,450-475,2.2,1.6,0.6,0.1,0,ZQZ6,96.0025,350-375
2026-07-13,2027-01-27,325-350,0.0,0.0,0.0,0.8,0,ZQF7,95.9725,350-375
2026-07-13,2027-01-27,350-375 (Current),10.2,12.6,21.1,32.5,0,ZQF7,95.9725,350-375
2026-07-13,2027-01-27,375-400,31.2,34.6,40.2,41.8,0,ZQF7,95.9725,350-375
2026-07-13,2027-01-27,400-425,35.3,34.2,28.2,19.9,1,ZQF7,95.9725,350-375
2026-07-13,2027-01-27,425-450,18.5,15.3,9.1,4.4,0,ZQF7,95.9725,350-375
2026-07-13,2027-01-27,450-475,4.5,3.0,1.3,0.5,0,ZQF7,95.9725,350-375
2026-07-13,2027-01-27,475-500,0.4,0.2,0.1,0.0,0,ZQF7,95.9725,350-375
2026-07-13,2027-03-17,325-350,0.0,0.0,0.0,0.6,0,ZQH7,95.9075,350-375
2026-07-13,2027-03-17,350-375 (Current),8.0,9.9,17.3,25.2,0,ZQH7,95.9075,350-375
2026-07-13,2027-03-17,375-400,26.7,29.8,36.8,39.7,0,ZQH7,95.9075,350-375
2026-07-13,2027-03-17,400-425,34.4,34.3,30.4,25.0,1,ZQH7,95.9075,350-375
2026-07-13,2027-03-17,425-450,22.1,19.4,12.5,8.0,0,ZQH7,95.9075,350-375
2026-07-13,2027-03-17,450-475,7.5,5.7,2.7,1.4,0,ZQH7,95.9075,350-375
2026-07-13,2027-03-17,475-500,1.3,0.8,0.3,0.1,0,ZQH7,95.9075,350-375
2026-07-13,2027-03-17,500-525,0.1,0.0,0.0,0.0,0,ZQH7,95.9075,350-375
2026-07-13,2027-04-28,325-350,0.0,0.0,0.0,0.6,0,ZQJ7,95.8775,350-375
2026-07-13,2027-04-28,350-375 (Current),7.6,9.4,17.0,22.0,0,ZQJ7,95.8775,350-375
2026-07-13,2027-04-28,375-400,25.9,29.0,36.3,37.8,0,ZQJ7,95.8775,350-375
2026-07-13,2027-04-28,400-425,34.1,34.1,30.5,26.9,1,ZQJ7,95.8775,350-375
2026-07-13,2027-04-28,425-450,22.6,20.0,12.9,10.2,0,ZQJ7,95.8775,350-375
2026-07-13,2027-04-28,450-475,8.1,6.3,2.9,2.2,0,ZQJ7,95.8775,350-375
2026-07-13,2027-04-28,475-500,1.5,1.0,0.4,0.3,0,ZQJ7,95.8775,350-375
2026-07-13,2027-04-28,500-525,0.1,0.1,0.0,0.0,0,ZQJ7,95.8775,350-375
2026-07-13,2027-06-09,325-350,0.4,0.7,1.5,0.5,0,ZQM7,95.8750,350-375
2026-07-13,2027-06-09,350-375 (Current),8.6,10.8,18.6,21.4,0,ZQM7,95.8750,350-375
2026-07-13,2027-06-09,375-400,26.3,29.4,35.8,37.4,0,ZQM7,95.8750,350-375
2026-07-13,2027-06-09,400-425,33.5,33.1,29.0,27.2,1,ZQM7,95.8750,350-375
2026-07-13,2027-06-09,425-450,21.9,19.1,12.0,10.7,0,ZQM7,95.8750,350-375
2026-07-13,2027-06-09,450-475,7.8,5.9,2.7,2.5,0,ZQM7,95.8750,350-375
2026-07-13,2027-06-09,475-500,1.5,1.0,0.3,0.3,0,ZQM7,95.8750,350-375
2026-07-13,2027-06-09,500-525,0.1,0.1,0.0,0.0,0,ZQM7,95.8750,350-375
2026-07-13,2027-07-28,300-325,0.0,0.1,0.2,0,0,ZQN7,95.8825,350-375
2026-07-13,2027-07-28,325-350,1.2,1.6,3.8,0,0,ZQN7,95.8825,350-375
2026-07-13,2027-07-28,350-375 (Current),10.3,12.5,20.9,0,0,ZQN7,95.8825,350-375
2026-07-13,2027-07-28,375-400,27.0,29.7,34.9,0,0,ZQN7,95.8825,350-375
2026-07-13,2027-07-28,400-425,32.3,31.9,26.7,0,1,ZQN7,95.8825,350-375
2026-07-13,2027-07-28,425-450,20.5,17.9,10.8,0,0,ZQN7,95.8825,350-375
2026-07-13,2027-07-28,450-475,7.2,5.5,2.4,0,0,ZQN7,95.8825,350-375
2026-07-13,2027-07-28,475-500,1.3,0.9,0.3,0,0,ZQN7,95.8825,350-375
2026-07-13,2027-07-28,500-525,0.1,0.1,0.0,0,0,ZQN7,95.8825,350-375
2026-07-13,2027-09-15,300-325,0.2,0,0,0,0,ZQU7,95.9175,350-375
2026-07-13,2027-09-15,325-350,2.3,0,0,0,0,ZQU7,95.9175,350-375
2026-07-13,2027-09-15,350-375 (Current),12.3,0,0,0,0,ZQU7,95.9175,350-375
2026-07-13,2027-09-15,375-400,27.6,0,0,0,0,ZQU7,95.9175,350-375
2026-07-13,2027-09-15,400-425,30.9,0,0,0,1,ZQU7,95.9175,350-375
2026-07-13,2027-09-15,425-450,18.9,0,0,0,0,ZQU7,95.9175,350-375
2026-07-13,2027-09-15,450-475,6.5,0,0,0,0,ZQU7,95.9175,350-375
2026-07-13,2027-09-15,475-500,1.2,0,0,0,0,ZQU7,95.9175,350-375
2026-07-13,2027-09-15,500-525,0.1,0,0,0,0,ZQU7,95.9175,350-375
2026-07-18,2026-07-29,350-375 (Current),87.2,88.2,65.8,61.5,1,ZQN6,96.3700,350-37587
2026-07-18,2026-07-29,375-400,12.8,11.8,34.2,38.5,0,ZQN6,96.3700,350-37587
2026-07-18,2026-09-16,350-375 (Current),42.2,47.6,30.4,31.1,0,ZQU6,96.2800,350-37542
2026-07-18,2026-09-16,375-400,51.2,47,51.2,49.9,1,ZQU6,96.2800,350-37542
2026-07-18,2026-09-16,400-425,6.6,5.4,18.4,19,0,ZQU6,96.2800,350-37542
2026-07-18,2026-10-28,350-375 (Current),31.9,38.1,23.6,22.8,0,ZQV6,96.2050,350-37531
2026-07-18,2026-10-28,375-400,49,47.1,46.6,44.9,1,ZQV6,96.2050,350-37531
2026-07-18,2026-10-28,400-425,17.5,13.7,25.7,27.2,0,ZQV6,96.2050,350-37531
2026-07-18,2026-10-28,425-450,1.6,1.1,4.1,5.1,0,ZQV6,96.2050,350-37531
2026-07-18,2026-12-09,350-375 (Current),21.1,25.9,14.6,13.7,0,ZQZ6,96.0850,350-37521
2026-07-18,2026-12-09,375-400,43.2,44.2,37.8,36.1,1,ZQZ6,96.0850,350-37521
2026-07-18,2026-12-09,400-425,28.2,24.4,33.7,34.3,0,ZQZ6,96.0850,350-37521
2026-07-18,2026-12-09,425-450,7,5.1,12.3,13.9,0,ZQZ6,96.0850,350-37521
2026-07-18,2026-12-09,450-475,0.5,0.3,1.6,2,0,ZQZ6,96.0850,350-37521
2026-07-18,2027-01-27,350-375 (Current),17.7,21.8,12.6,11.5,0,ZQF7,96.0600,350-37517
2026-07-18,2027-01-27,375-400,39.6,41.3,34.6,32.5,1,ZQF7,96.0600,350-37517
2026-07-18,2027-01-27,400-425,30.6,27.6,34.2,34.6,0,ZQF7,96.0600,350-37517
2026-07-18,2027-01-27,425-450,10.4,8.2,15.3,17.2,0,ZQF7,96.0600,350-37517
2026-07-18,2027-01-27,450-475,1.6,1.1,3,3.9,0,ZQF7,96.0600,350-37517
2026-07-18,2027-01-27,475-500,0.1,0.1,0.2,0.3,0,ZQF7,96.0600,350-37517
2026-07-18,2027-03-17,350-375 (Current),14.2,17.1,9.9,9.7,0,ZQH7,96.0000,350-37514
2026-07-18,2027-03-17,375-400,35.3,37.1,29.8,29.1,1,ZQH7,96.0000,350-37514
2026-07-18,2027-03-17,400-425,32.4,30.5,34.3,34.2,0,ZQH7,96.0000,350-37514
2026-07-18,2027-03-17,425-450,14.4,12.4,19.4,20,0,ZQH7,96.0000,350-37514
2026-07-18,2027-03-17,450-475,3.3,2.6,5.7,6,0,ZQH7,96.0000,350-37514
2026-07-18,2027-03-17,475-500,0.4,0.3,0.8,0.9,0,ZQH7,96.0000,350-37514
2026-07-18,2027-03-17,500-525,0,0,0,0.1,0,ZQH7,96.0000,350-37514
2026-07-18,2027-04-28,350-375 (Current),13.3,15.6,9.4,9.7,0,ZQJ7,95.9750,350-37513
2026-07-18,2027-04-28,375-400,34,35.4,29,29.1,1,ZQJ7,95.9750,350-37513
2026-07-18,2027-04-28,400-425,32.6,31.1,34.1,34.2,0,ZQJ7,95.9750,350-37513
2026-07-18,2027-04-28,425-450,15.5,13.9,20,20,0,ZQJ7,95.9750,350-37513
2026-07-18,2027-04-28,450-475,4,3.5,6.3,6,0,ZQJ7,95.9750,350-37513
2026-07-18,2027-04-28,475-500,0.6,0.5,1,0.9,0,ZQJ7,95.9750,350-37513
2026-07-18,2027-04-28,500-525,0,0,0.1,0.1,0,ZQJ7,95.9750,350-37513
2026-07-18,2027-06-09,325-350,0.2,0.2,0.7,0.8,0,ZQM7,95.9600,350-3750
2026-07-18,2027-06-09,350-375 (Current),13.6,15.9,10.8,11.4,0,ZQM7,95.9600,350-3750
2026-07-18,2027-06-09,375-400,34,35.3,29.4,29.6,1,ZQM7,95.9600,350-3750
2026-07-18,2027-06-09,400-425,32.3,30.8,33.1,33,0,ZQM7,95.9600,350-3750
2026-07-18,2027-06-09,425-450,15.4,13.7,19.1,18.7,0,ZQM7,95.9600,350-3750
2026-07-18,2027-06-09,450-475,4,3.4,5.9,5.6,0,ZQM7,95.9600,350-3750
2026-07-18,2027-06-09,475-500,0.6,0.5,1,0.8,0,ZQM7,95.9600,350-3750
2026-07-18,2027-06-09,500-525,0,0,0.1,0,0,ZQM7,95.9600,350-3750
2026-07-18,2027-07-28,300-325,0,0,0.1,0.1,0,ZQN7,95.9650,350-3751
2026-07-18,2027-07-28,325-350,1.1,0.9,1.6,2.2,0,ZQN7,95.9650,350-3751
2026-07-18,2027-07-28,350-375 (Current),14.9,16.8,12.5,13.8,0,ZQN7,95.9650,350-3751
2026-07-18,2027-07-28,375-400,33.9,35.1,29.7,30,1,ZQN7,95.9650,350-3751
2026-07-18,2027-07-28,400-425,31.2,30,31.9,31.1,0,ZQN7,95.9650,350-3751
2026-07-18,2027-07-28,425-450,14.6,13.3,17.9,17,0,ZQN7,95.9650,350-3751
2026-07-18,2027-07-28,450-475,3.7,3.3,5.5,5,0,ZQN7,95.9650,350-3751
2026-07-18,2027-07-28,475-500,0.5,0.5,0.9,0.7,0,ZQN7,95.9650,350-3751
2026-07-18,2027-07-28,500-525,0,0,0.1,0,0,ZQN7,95.9650,350-3751
2026-07-18,2027-09-15,300-325,0.1,0,0,0,0,ZQU7,95.9950,350-3750
2026-07-18,2027-09-15,325-350,2.6,0,0,0,0,ZQU7,95.9950,350-3750
2026-07-18,2027-09-15,350-375 (Current),17,0,0,0,0,ZQU7,95.9950,350-3750
2026-07-18,2027-09-15,375-400,33.6,0,0,0,1,ZQU7,95.9950,350-3750
2026-07-18,2027-09-15,400-425,29.4,0,0,0,0,ZQU7,95.9950,350-3750
2026-07-18,2027-09-15,425-450,13.4,0,0,0,0,ZQU7,95.9950,350-3750
2026-07-18,2027-09-15,450-475,3.4,0,0,0,0,ZQU7,95.9950,350-3750
2026-07-18,2027-09-15,475-500,0.5,0,0,0,0,ZQU7,95.9950,350-3750
2026-07-18,2026-07-29,350-375 (Current),87.2,88.2,65.8,61.5,1,ZQN6,96.3700,350-37587
2026-07-18,2026-07-29,375-400,12.8,11.8,34.2,38.5,0,ZQN6,96.3700,350-37587
2026-07-18,2026-07-29,350-375 (Current),87.2,88.2,65.8,61.5,1,ZQN6,96.3700,350-37587
2026-07-18,2026-07-29,375-400,12.8,11.8,34.2,38.5,0,ZQN6,96.3700,350-37587
2026-07-18,2026-07-29,350-375 (Current),87.2,88.2,65.8,61.5,1,ZQN6,96.3700,350-37587
2026-07-18,2026-07-29,375-400,12.8,11.8,34.2,38.5,0,ZQN6,96.3700,350-37587
2026-07-18,2026-07-29,350-375 (Current),87.2,88.2,65.8,61.5,1,ZQN6,96.3700,350-37587
2026-07-18,2026-07-29,375-400,12.8,11.8,34.2,38.5,0,ZQN6,96.3700,350-37587
2026-07-18,2026-07-29,350-375 (Current),87.2,88.2,65.8,61.5,1,ZQN6,96.3700,350-37587
2026-07-18,2026-07-29,375-400,12.8,11.8,34.2,38.5,0,ZQN6,96.3700,350-37587
2026-07-18,2026-07-29,350-375 (Current),87.2,88.2,65.8,61.5,1,ZQN6,96.3700,350-37587
2026-07-18,2026-07-29,375-400,12.8,11.8,34.2,38.5,0,ZQN6,96.3700,350-37587
2026-07-18,2026-07-29,350-375 (Current),87.2,88.2,65.8,61.5,1,ZQN6,96.3700,350-37587
2026-07-18,2026-07-29,375-400,12.8,11.8,34.2,38.5,0,ZQN6,96.3700,350-37587
2026-07-18,2026-07-29,350-375 (Current),87.2,88.2,65.8,61.5,1,ZQN6,96.3700,350-37587
2026-07-18,2026-07-29,375-400,12.8,11.8,34.2,38.5,0,ZQN6,96.3700,350-37587
2026-07-18,2026-07-29,350-375 (Current),87.2,88.2,65.8,61.5,1,ZQN6,96.3700,350-37587
2026-07-18,2026-07-29,375-400,12.8,11.8,34.2,38.5,0,ZQN6,96.3700,350-37587
2026-07-18,2026-07-29,350-375 (Current),87.2,88.2,65.8,61.5,1,ZQN6,96.3700,350-37587
2026-07-18,2026-07-29,375-400,12.8,11.8,34.2,38.5,0,ZQN6,96.3700,350-37587
2026-07-20,2026-07-29,350-375 (Current),85.6,88.2,58.3,61.5,1,ZQN6,96.3713,350-37585
2026-07-20,2026-07-29,375-400,14.4,11.8,41.7,38.5,0,ZQN6,96.3713,350-37585
2026-07-20,2026-09-16,350-375 (Current),39.9,47.6,24.9,31.1,0,ZQU6,96.2750,350-37539
2026-07-20,2026-09-16,375-400,52.4,47,51.2,49.9,1,ZQU6,96.2750,350-37539
2026-07-20,2026-09-16,400-425,7.7,5.4,23.9,19,0,ZQU6,96.2750,350-37539
2026-07-20,2026-10-28,350-375 (Current),29.3,38.1,17.8,22.8,0,ZQV6,96.1975,350-37529
2026-07-20,2026-10-28,375-400,49.1,47.1,43.6,44.9,1,ZQV6,96.1975,350-37529
2026-07-20,2026-10-28,400-425,19.6,13.7,31.7,27.2,0,ZQV6,96.1975,350-37529
2026-07-20,2026-10-28,425-450,2,1.1,6.9,5.1,0,ZQV6,96.1975,350-37529
2026-07-20,2026-12-09,350-375 (Current),19.4,25.9,10.7,13.7,0,ZQZ6,96.0725,350-37519
2026-07-20,2026-12-09,375-400,42.4,44.2,33.4,36.1,1,ZQZ6,96.0725,350-37519
2026-07-20,2026-12-09,400-425,29.5,24.4,36.4,34.3,0,ZQZ6,96.0725,350-37519
2026-07-20,2026-12-09,425-450,7.9,5.1,16.7,13.9,0,ZQZ6,96.0725,350-37519
2026-07-20,2026-12-09,450-475,0.7,0.3,2.7,2,0,ZQZ6,96.0725,350-37519
2026-07-20,2027-01-27,350-375 (Current),15.9,21.8,8.8,11.5,0,ZQF7,96.0475,350-37515
2026-07-20,2027-01-27,375-400,38.2,41.3,29.2,32.5,1,ZQF7,96.0475,350-37515
2026-07-20,2027-01-27,400-425,31.9,27.6,35.9,34.6,0,ZQF7,96.0475,350-37515
2026-07-20,2027-01-27,425-450,11.9,8.2,20.3,17.2,0,ZQF7,96.0475,350-37515
2026-07-20,2027-01-27,450-475,2,1.1,5.3,3.9,0,ZQF7,96.0475,350-37515
2026-07-20,2027-01-27,475-500,0.1,0.1,0.5,0.3,0,ZQF7,96.0475,350-37515
2026-07-20,2027-03-17,350-375 (Current),12.8,17.1,6.9,9.7,0,ZQH7,95.9850,350-37512
2026-07-20,2027-03-17,375-400,33.9,37.1,24.8,29.1,1,ZQH7,95.9850,350-37512
2026-07-20,2027-03-17,400-425,33.1,30.5,34.4,34.2,0,ZQH7,95.9850,350-37512
2026-07-20,2027-03-17,425-450,15.8,12.4,23.7,20,0,ZQH7,95.9850,350-37512
2026-07-20,2027-03-17,450-475,3.9,2.6,8.5,6,0,ZQH7,95.9850,350-37512
2026-07-20,2027-03-17,475-500,0.5,0.3,1.5,0.9,0,ZQH7,95.9850,350-37512
2026-07-20,2027-03-17,500-525,0,0,0.1,0.1,0,ZQH7,95.9850,350-37512
2026-07-20,2027-04-28,350-375 (Current),11.7,15.6,6.4,9.7,0,ZQJ7,95.9575,350-37511
2026-07-20,2027-04-28,375-400,32.1,35.4,23.7,29.1,0,ZQJ7,95.9575,350-37511
2026-07-20,2027-04-28,400-425,33.2,31.1,33.8,34.2,1,ZQJ7,95.9575,350-37511
2026-07-20,2027-04-28,425-450,17.3,13.9,24.4,20,0,ZQJ7,95.9575,350-37511
2026-07-20,2027-04-28,450-475,5,3.5,9.5,6,0,ZQJ7,95.9575,350-37511
2026-07-20,2027-04-28,475-500,0.8,0.5,2,0.9,0,ZQJ7,95.9575,350-37511
2026-07-20,2027-04-28,500-525,0.1,0,0.2,0.1,0,ZQJ7,95.9575,350-37511
2026-07-20,2027-06-09,325-350,0.3,0.2,0.5,0.8,0,ZQM7,95.9400,350-3750
2026-07-20,2027-06-09,350-375 (Current),12.2,15.9,7.7,11.4,0,ZQM7,95.9400,350-3750
2026-07-20,2027-06-09,375-400,32.1,35.3,24.4,29.6,0,ZQM7,95.9400,350-3750
2026-07-20,2027-06-09,400-425,32.8,30.8,33.2,33,1,ZQM7,95.9400,350-3750
2026-07-20,2027-06-09,425-450,17,13.7,23.3,18.7,0,ZQM7,95.9400,350-3750
2026-07-20,2027-06-09,450-475,4.9,3.4,9,5.6,0,ZQM7,95.9400,350-3750
2026-07-20,2027-06-09,475-500,0.8,0.5,1.9,0.8,0,ZQM7,95.9400,350-3750
2026-07-20,2027-06-09,500-525,0.1,0,0.2,0,0,ZQM7,95.9400,350-3750
2026-07-20,2027-07-28,300-325,0,0,0,0.1,0,ZQN7,95.9450,350-3751
2026-07-20,2027-07-28,325-350,1.1,0.9,1.1,2.2,0,ZQN7,95.9450,350-3751
2026-07-20,2027-07-28,350-375 (Current),13.5,16.8,9.1,13.8,0,ZQN7,95.9450,350-3751
2026-07-20,2027-07-28,375-400,32.1,35.1,25.2,30,1,ZQN7,95.9450,350-3751
2026-07-20,2027-07-28,400-425,31.8,30,32.3,31.1,0,ZQN7,95.9450,350-3751
2026-07-20,2027-07-28,425-450,16.2,13.3,22.1,17,0,ZQN7,95.9450,350-3751
2026-07-20,2027-07-28,450-475,4.6,3.3,8.3,5,0,ZQN7,95.9450,350-3751
2026-07-20,2027-07-28,475-500,0.7,0.5,1.7,0.7,0,ZQN7,95.9450,350-3751
2026-07-20,2027-07-28,500-525,0.1,0,0.2,0,0,ZQN7,95.9450,350-3751
2026-07-20,2027-09-15,300-325,0.1,0,0,0,0,ZQU7,95.9725,350-3750
2026-07-20,2027-09-15,325-350,2.3,0,0,0,0,ZQU7,95.9725,350-3750
2026-07-20,2027-09-15,350-375 (Current),15.4,0,0,0,0,ZQU7,95.9725,350-3750
2026-07-20,2027-09-15,375-400,32.1,0,0,0,1,ZQU7,95.9725,350-3750
2026-07-20,2027-09-15,400-425,30.2,0,0,0,0,ZQU7,95.9725,350-3750
2026-07-20,2027-09-15,425-450,15,0,0,0,0,ZQU7,95.9725,350-3750
2026-07-20,2027-09-15,450-475,4.2,0,0,0,0,ZQU7,95.9725,350-3750
2026-07-20,2027-09-15,475-500,0.7,0,0,0,0,ZQU7,95.9725,350-3750
2026-07-20,2027-09-15,500-525,0.1,0,0,0,0,ZQU7,95.9725,350-3750
2026-07-21,2026-07-29,350-375 (Current),84,87.2,58.3,61.5,1,ZQN6,96.3725,350-37584
2026-07-21,2026-07-29,375-400,16,12.8,41.7,38.5,0,ZQN6,96.3725,350-37584
2026-07-21,2026-09-16,350-375 (Current),35.7,42.2,24.9,31.1,0,ZQU6,96.2700,350-37535
2026-07-21,2026-09-16,375-400,55,51.2,51.2,49.9,1,ZQU6,96.2700,350-37535
2026-07-21,2026-09-16,400-425,9.2,6.6,23.9,19,0,ZQU6,96.2700,350-37535
2026-07-21,2026-10-28,350-375 (Current),26.2,31.9,17.8,22.8,0,ZQV6,96.1850,350-37526
2026-07-21,2026-10-28,375-400,49.9,49,43.6,44.9,1,ZQV6,96.1850,350-37526
2026-07-21,2026-10-28,400-425,21.4,17.5,31.7,27.2,0,ZQV6,96.1850,350-37526
2026-07-21,2026-10-28,425-450,2.4,1.6,6.9,5.1,0,ZQV6,96.1850,350-37526
2026-07-21,2026-12-09,350-375 (Current),16.3,21.1,10.7,13.7,0,ZQZ6,96.0550,350-37516
2026-07-21,2026-12-09,375-400,40.9,43.2,33.4,36.1,1,ZQZ6,96.0550,350-37516
2026-07-21,2026-12-09,400-425,32.2,28.2,36.4,34.3,0,ZQZ6,96.0550,350-37516
2026-07-21,2026-12-09,425-450,9.6,7,16.7,13.9,0,ZQZ6,96.0550,350-37516
2026-07-21,2026-12-09,450-475,0.9,0.5,2.7,2,0,ZQZ6,96.0550,350-37516
2026-07-21,2027-01-27,350-375 (Current),13.7,17.7,8.8,11.5,0,ZQF7,96.0250,350-37513
2026-07-21,2027-01-27,375-400,37,39.6,29.2,32.5,1,ZQF7,96.0250,350-37513
2026-07-21,2027-01-27,400-425,33.6,30.6,35.9,34.6,0,ZQF7,96.0250,350-37513
2026-07-21,2027-01-27,425-450,13.3,10.4,20.3,17.2,0,ZQF7,96.0250,350-37513
2026-07-21,2027-01-27,450-475,2.3,1.6,5.3,3.9,0,ZQF7,96.0250,350-37513
2026-07-21,2027-01-27,475-500,0.1,0.1,0.5,0.3,0,ZQF7,96.0250,350-37513
2026-07-21,2027-03-17,350-375 (Current),10.7,14.2,6.9,9.7,0,ZQH7,95.9650,350-37510
2026-07-21,2027-03-17,375-400,32,35.3,24.8,29.1,0,ZQH7,95.9650,350-37510
2026-07-21,2027-03-17,400-425,34.3,32.4,34.4,34.2,1,ZQH7,95.9650,350-37510
2026-07-21,2027-03-17,425-450,17.6,14.4,23.7,20,0,ZQH7,95.9650,350-37510
2026-07-21,2027-03-17,450-475,4.7,3.3,8.5,6,0,ZQH7,95.9650,350-37510
2026-07-21,2027-03-17,475-500,0.6,0.4,1.5,0.9,0,ZQH7,95.9650,350-37510
2026-07-21,2027-03-17,500-525,0,0,0.1,0.1,0,ZQH7,95.9650,350-37510
2026-07-21,2027-04-28,350-375 (Current),10,13.3,6.4,9.7,0,ZQJ7,95.9350,350-37510
2026-07-21,2027-04-28,375-400,30.6,34,23.7,29.1,0,ZQJ7,95.9350,350-37510
2026-07-21,2027-04-28,400-425,34.2,32.6,33.8,34.2,1,ZQJ7,95.9350,350-37510
2026-07-21,2027-04-28,425-450,18.7,15.5,24.4,20,0,ZQJ7,95.9350,350-37510
2026-07-21,2027-04-28,450-475,5.5,4,9.5,6,0,ZQJ7,95.9350,350-37510
2026-07-21,2027-04-28,475-500,0.9,0.6,2,0.9,0,ZQJ7,95.9350,350-37510
2026-07-21,2027-04-28,500-525,0.1,0,0.2,0.1,0,ZQJ7,95.9350,350-37510
2026-07-21,2027-06-09,325-350,0.1,0.2,0.5,0.8,0,ZQM7,95.9200,350-3750
2026-07-21,2027-06-09,350-375 (Current),10.3,13.6,7.7,11.4,0,ZQM7,95.9200,350-3750
2026-07-21,2027-06-09,375-400,30.6,34,24.4,29.6,0,ZQM7,95.9200,350-3750
2026-07-21,2027-06-09,400-425,34,32.3,33.2,33,1,ZQM7,95.9200,350-3750
2026-07-21,2027-06-09,425-450,18.5,15.4,23.3,18.7,0,ZQM7,95.9200,350-3750
2026-07-21,2027-06-09,450-475,5.5,4,9,5.6,0,ZQM7,95.9200,350-3750
2026-07-21,2027-06-09,475-500,0.9,0.6,1.9,0.8,0,ZQM7,95.9200,350-3750
2026-07-21,2027-06-09,500-525,0.1,0,0.2,0,0,ZQM7,95.9200,350-3750
2026-07-21,2027-07-28,300-325,0,0,0,0.1,0,ZQN7,95.9250,350-3750
2026-07-21,2027-07-28,325-350,0.8,1.1,1.1,2.2,0,ZQN7,95.9250,350-3750
2026-07-21,2027-07-28,350-375 (Current),11.7,14.9,9.1,13.8,0,ZQN7,95.9250,350-3750
2026-07-21,2027-07-28,375-400,30.9,33.9,25.2,30,0,ZQN7,95.9250,350-3750
2026-07-21,2027-07-28,400-425,32.9,31.2,32.3,31.1,1,ZQN7,95.9250,350-3750
2026-07-21,2027-07-28,425-450,17.7,14.6,22.1,17,0,ZQN7,95.9250,350-3750
2026-07-21,2027-07-28,450-475,5.2,3.7,8.3,5,0,ZQN7,95.9250,350-3750
2026-07-21,2027-07-28,475-500,0.8,0.5,1.7,0.7,0,ZQN7,95.9250,350-3750
2026-07-21,2027-07-28,500-525,0.1,0,0.2,0,0,ZQN7,95.9250,350-3750
2026-07-21,2027-09-15,300-325,0.1,0,0,0,0,ZQU7,95.9550,350-3750
2026-07-21,2027-09-15,325-350,2,0,0,0,0,ZQU7,95.9550,350-3750
2026-07-21,2027-09-15,350-375 (Current),13.7,0,0,0,0,ZQU7,95.9550,350-3750
2026-07-21,2027-09-15,375-400,31.1,0,0,0,0,ZQU7,95.9550,350-3750
2026-07-21,2027-09-15,400-425,31.3,0,0,0,1,ZQU7,95.9550,350-3750
2026-07-21,2027-09-15,425-450,16.3,0,0,0,0,ZQU7,95.9550,350-3750
2026-07-21,2027-09-15,450-475,4.7,0,0,0,0,ZQU7,95.9550,350-3750
2026-07-21,2027-09-15,475-500,0.7,0,0,0,0,ZQU7,95.9550,350-3750
2026-07-21,2027-09-15,500-525,0.1,0,0,0,0,ZQU7,95.9550,350-3750
2026-07-22,2026-07-29,350-375 (Current),73.3,84,84,61.5,1,ZQN6,96.3700,350-37573
2026-07-22,2026-07-29,375-400,26.7,16,16,38.5,0,ZQN6,96.3700,350-37573
2026-07-22,2026-09-16,350-375 (Current),30.6,35.7,41.9,31.1,0,ZQU6,96.2400,350-37530
2026-07-22,2026-09-16,375-400,53.8,55,50,49.9,1,ZQU6,96.2400,350-37530
2026-07-22,2026-09-16,400-425,15.6,9.2,8,19,0,ZQU6,96.2400,350-37530
2026-07-22,2026-10-28,350-375 (Current),21.8,26.2,33.6,22.8,0,ZQV6,96.1550,350-37521
2026-07-22,2026-10-28,375-400,47.1,49.9,48.4,44.9,1,ZQV6,96.1550,350-37521
2026-07-22,2026-10-28,400-425,26.6,21.4,16.4,27.2,0,ZQV6,96.1550,350-37521
2026-07-22,2026-10-28,425-450,4.5,2.4,1.6,5.1,0,ZQV6,96.1550,350-37521
2026-07-22,2026-12-09,350-375 (Current),13.2,16.3,21.5,13.7,0,ZQZ6,96.0150,350-37513
2026-07-22,2026-12-09,375-400,37.1,40.9,43.1,36.1,1,ZQZ6,96.0150,350-37513
2026-07-22,2026-12-09,400-425,34.7,32.2,27.9,34.3,0,ZQZ6,96.0150,350-37513
2026-07-22,2026-12-09,425-450,13.2,9.6,6.9,13.9,0,ZQZ6,96.0150,350-37513
2026-07-22,2026-12-09,450-475,1.8,0.9,0.6,2,0,ZQZ6,96.0150,350-37513
2026-07-22,2027-01-27,350-375 (Current),10.7,13.7,18.1,11.5,0,ZQF7,95.9850,350-37510
2026-07-22,2027-01-27,375-400,32.7,37,39.6,32.5,0,ZQF7,95.9850,350-37510
2026-07-22,2027-01-27,400-425,35.2,33.6,30.3,34.6,1,ZQF7,95.9850,350-37510
2026-07-22,2027-01-27,425-450,17.2,13.3,10.3,17.2,0,ZQF7,95.9850,350-37510
2026-07-22,2027-01-27,450-475,3.9,2.3,1.6,3.9,0,ZQF7,95.9850,350-37510
2026-07-22,2027-01-27,475-500,0.3,0.1,0.1,0.3,0,ZQF7,95.9850,350-37510
2026-07-22,2027-03-17,350-375 (Current),8.2,10.7,13.5,9.7,0,ZQH7,95.9150,350-3758
2026-07-22,2027-03-17,375-400,27.5,32,34.1,29.1,0,ZQH7,95.9150,350-3758
2026-07-22,2027-03-17,400-425,34.6,34.3,32.7,34.2,1,ZQH7,95.9150,350-3758
2026-07-22,2027-03-17,425-450,21.5,17.6,15.4,20,0,ZQH7,95.9150,350-3758
2026-07-22,2027-03-17,450-475,7.1,4.7,3.8,6,0,ZQH7,95.9150,350-3758
2026-07-22,2027-03-17,475-500,1.2,0.6,0.5,0.9,0,ZQH7,95.9150,350-3758
2026-07-22,2027-03-17,500-525,0.1,0,0,0.1,0,ZQH7,95.9150,350-3758
2026-07-22,2027-04-28,350-375 (Current),8,10,12.3,9.7,0,ZQJ7,95.8850,350-3758
2026-07-22,2027-04-28,375-400,27.1,30.6,32.4,29.1,0,ZQJ7,95.8850,350-3758
2026-07-22,2027-04-28,400-425,34.4,34.2,32.8,34.2,1,ZQJ7,95.8850,350-3758
2026-07-22,2027-04-28,425-450,21.8,18.7,16.9,20,0,ZQJ7,95.8850,350-3758
2026-07-22,2027-04-28,450-475,7.4,5.5,4.8,6,0,ZQJ7,95.8850,350-3758
2026-07-22,2027-04-28,475-500,1.3,0.9,0.8,0.9,0,ZQJ7,95.8850,350-3758
2026-07-22,2027-04-28,500-525,0.1,0.1,0.1,0.1,0,ZQJ7,95.8850,350-3758
2026-07-22,2027-06-09,325-350,0,0.1,0.2,0.8,0,ZQM7,95.8700,350-3757
2026-07-22,2027-06-09,350-375 (Current),7.8,10.3,12.6,11.4,0,ZQM7,95.8700,350-3757
2026-07-22,2027-06-09,375-400,26.5,30.6,32.4,29.6,0,ZQM7,95.8700,350-3757
2026-07-22,2027-06-09,400-425,34.2,34,32.6,33,1,ZQM7,95.8700,350-3757
2026-07-22,2027-06-09,425-450,22.1,18.5,16.7,18.7,0,ZQM7,95.8700,350-3757
2026-07-22,2027-06-09,450-475,7.7,5.5,4.7,5.6,0,ZQM7,95.8700,350-3757
2026-07-22,2027-06-09,475-500,1.5,0.9,0.7,0.8,0,ZQM7,95.8700,350-3757
2026-07-22,2027-06-09,500-525,0.1,0.1,0.1,0,0,ZQM7,95.8700,350-3757
2026-07-22,2027-07-28,300-325,0,0,0,0.1,0,ZQN7,95.8750,350-3750
2026-07-22,2027-07-28,325-350,0.5,0.8,0.7,2.2,0,ZQN7,95.8750,350-3750
2026-07-22,2027-07-28,350-375 (Current),9,11.7,13.5,13.8,0,ZQN7,95.8750,350-3750
2026-07-22,2027-07-28,375-400,27.1,30.9,32.4,30,0,ZQN7,95.8750,350-3750
2026-07-22,2027-07-28,400-425,33.4,32.9,31.9,31.1,1,ZQN7,95.8750,350-3750
2026-07-22,2027-07-28,425-450,21.1,17.7,16.2,17,0,ZQN7,95.8750,350-3750
2026-07-22,2027-07-28,450-475,7.3,5.2,4.6,5,0,ZQN7,95.8750,350-3750
2026-07-22,2027-07-28,475-500,1.4,0.8,0.7,0.7,0,ZQN7,95.8750,350-3750
2026-07-22,2027-07-28,500-525,0.1,0.1,0.1,0,0,ZQN7,95.8750,350-3750
2026-07-22,2027-09-15,300-325,0.1,0,0,0,0,ZQU7,95.9050,350-3750
2026-07-22,2027-09-15,325-350,1.4,0,0,0,0,ZQU7,95.9050,350-3750
2026-07-22,2027-09-15,350-375 (Current),11,0,0,0,0,ZQU7,95.9050,350-3750
2026-07-22,2027-09-15,375-400,27.7,0,0,0,0,ZQU7,95.9050,350-3750
2026-07-22,2027-09-15,400-425,32.1,0,0,0,1,ZQU7,95.9050,350-3750
2026-07-22,2027-09-15,425-450,19.6,0,0,0,0,ZQU7,95.9050,350-3750
2026-07-22,2027-09-15,450-475,6.7,0,0,0,0,ZQU7,95.9050,350-3750
2026-07-22,2027-09-15,475-500,1.2,0,0,0,0,ZQU7,95.9050,350-3750
2026-07-22,2027-09-15,500-525,0.1,0,0,0,0,ZQU7,95.9050,350-3750
2026-07-23,2026-07-29,350-375 (Current),66.3,74.3,89.3,63.7,1,ZQN6,96.3663,350-37566
2026-07-23,2026-07-29,375-400,33.7,25.7,10.7,36.3,0,ZQN6,96.3663,350-37566
2026-07-23,2026-09-16,350-375 (Current),23.2,30.3,51.5,26.1,0,ZQU6,96.2100,350-37523
2026-07-23,2026-09-16,375-400,54.9,54.5,43.9,52.5,1,ZQU6,96.2100,350-37523
2026-07-23,2026-09-16,400-425,21.9,15.2,4.5,21.4,0,ZQU6,96.2100,350-37523
2026-07-23,2026-10-28,350-375 (Current),16,21.6,42.4,18,0,ZQV6,96.1175,350-37516
2026-07-23,2026-10-28,375-400,45.1,47.5,45.3,44.3,1,ZQV6,96.1175,350-37516
2026-07-23,2026-10-28,400-425,32.1,26.5,11.5,31.1,0,ZQV6,96.1175,350-37516
2026-07-23,2026-10-28,425-450,6.8,4.4,0.8,6.6,0,ZQV6,96.1175,350-37516
2026-07-23,2026-12-09,350-375 (Current),10,13,29.6,10.9,0,ZQZ6,95.9775,350-37510
2026-07-23,2026-12-09,375-400,34.2,37.3,44.4,33.9,0,ZQZ6,95.9775,350-37510
2026-07-23,2026-12-09,400-425,37,34.8,21.7,36.3,1,ZQZ6,95.9775,350-37510
2026-07-23,2026-12-09,425-450,16.2,13.1,4,16.3,0,ZQZ6,95.9775,350-37510
2026-07-23,2026-12-09,450-475,2.5,1.7,0.2,2.6,0,ZQZ6,95.9775,350-37510
2026-07-23,2027-01-27,350-375 (Current),8,10.6,25.5,8.9,0,ZQF7,95.9475,350-3758
2026-07-23,2027-01-27,375-400,29.2,32.8,42.4,29.6,0,ZQF7,95.9475,350-3758
2026-07-23,2027-01-27,400-425,36.4,35.3,24.8,35.9,1,ZQF7,95.9475,350-3758
2026-07-23,2027-01-27,425-450,20.5,17.1,6.5,20,0,ZQF7,95.9475,350-3758
2026-07-23,2027-01-27,450-475,5.4,3.8,0.8,5.1,0,ZQF7,95.9475,350-3758
2026-07-23,2027-01-27,475-500,0.5,0.3,0,0.5,0,ZQF7,95.9475,350-3758
2026-07-23,2027-03-17,350-375 (Current),6.1,8.1,20.6,7.3,0,ZQH7,95.8750,350-3756
2026-07-23,2027-03-17,375-400,24.3,27.6,39.1,26,0,ZQH7,95.8750,350-3756
2026-07-23,2027-03-17,400-425,34.7,34.7,28.2,34.8,1,ZQH7,95.8750,350-3756
2026-07-23,2027-03-17,425-450,24.2,21.4,10,22.8,0,ZQH7,95.8750,350-3756
2026-07-23,2027-03-17,450-475,8.9,6.9,1.9,7.8,0,ZQH7,95.8750,350-3756
2026-07-23,2027-03-17,475-500,1.7,1.1,0.2,1.3,0,ZQH7,95.8750,350-3756
2026-07-23,2027-03-17,500-525,0.1,0.1,0,0.1,0,ZQH7,95.8750,350-3756
2026-07-23,2027-04-28,350-375 (Current),5.5,7.4,18.8,7,0,ZQJ7,95.8425,350-3755
2026-07-23,2027-04-28,375-400,22.3,25.9,37.5,25.2,0,ZQJ7,95.8425,350-3755
2026-07-23,2027-04-28,400-425,33.6,34.1,29.2,34.4,1,ZQJ7,95.8425,350-3755
2026-07-23,2027-04-28,425-450,25.3,22.5,11.6,23.3,0,ZQJ7,95.8425,350-3755
2026-07-23,2027-04-28,450-475,10.5,8.2,2.6,8.4,0,ZQJ7,95.8425,350-3755
2026-07-23,2027-04-28,475-500,2.4,1.6,0.3,1.6,0,ZQJ7,95.8425,350-3755
2026-07-23,2027-04-28,500-525,0.3,0.2,0,0.1,0,ZQJ7,95.8425,350-3755
2026-07-23,2027-06-09,325-350,0.1,0.3,0.7,0.5,0,ZQM7,95.8200,350-3750
2026-07-23,2027-06-09,350-375 (Current),5.7,8.1,19.5,8.2,0,ZQM7,95.8200,350-3750
2026-07-23,2027-06-09,375-400,22.5,26.2,37.2,25.8,0,ZQM7,95.8200,350-3750
2026-07-23,2027-06-09,400-425,33.5,33.7,28.5,33.6,1,ZQM7,95.8200,350-3750
2026-07-23,2027-06-09,425-450,25.1,22,11.3,22.3,0,ZQM7,95.8200,350-3750
2026-07-23,2027-06-09,450-475,10.4,8,2.5,7.9,0,ZQM7,95.8200,350-3750
2026-07-23,2027-06-09,475-500,2.4,1.6,0.3,1.5,0,ZQM7,95.8200,350-3750
2026-07-23,2027-06-09,500-525,0.3,0.2,0,0.1,0,ZQM7,95.8200,350-3750
2026-07-23,2027-07-28,300-325,0,0,0,0.1,0,ZQN7,95.8225,350-3750
2026-07-23,2027-07-28,325-350,0.4,0.8,1.5,1.3,0,ZQN7,95.8225,350-3750
2026-07-23,2027-07-28,350-375 (Current),6.8,9.3,20.3,10.2,0,ZQN7,95.8225,350-3750
2026-07-23,2027-07-28,375-400,23.2,26.7,36.8,26.7,0,ZQN7,95.8225,350-3750
2026-07-23,2027-07-28,400-425,32.9,32.9,27.8,32.4,1,ZQN7,95.8225,350-3750
2026-07-23,2027-07-28,425-450,24.2,21.1,10.9,20.7,0,ZQN7,95.8225,350-3750
2026-07-23,2027-07-28,450-475,9.9,7.5,2.4,7.2,0,ZQN7,95.8225,350-3750
2026-07-23,2027-07-28,475-500,2.3,1.5,0.3,1.3,0,ZQN7,95.8225,350-3750
2026-07-23,2027-07-28,500-525,0.3,0.2,0,0.1,0,ZQN7,95.8225,350-3750
2026-07-23,2027-09-15,300-325,0.1,0,0,0,0,ZQU7,95.8525,350-3750
2026-07-23,2027-09-15,325-350,1.3,0,0,0,0,ZQU7,95.8525,350-3750
2026-07-23,2027-09-15,350-375 (Current),9.1,0,0,0,0,ZQU7,95.8525,350-3750
2026-07-23,2027-09-15,375-400,24.6,0,0,0,0,ZQU7,95.8525,350-3750
2026-07-23,2027-09-15,400-425,31.7,0,0,0,1,ZQU7,95.8525,350-3750
2026-07-23,2027-09-15,425-450,22.2,0,0,0,0,ZQU7,95.8525,350-3750
2026-07-23,2027-09-15,450-475,8.8,0,0,0,0,ZQU7,95.8525,350-3750
2026-07-23,2027-09-15,475-500,2,0,0,0,0,ZQU7,95.8525,350-3750
2026-07-23,2027-09-15,500-525,0.2,0,0,0,0,ZQU7,95.8525,350-3750
2026-07-24,2026-07-29,350-375 (Current),66.3,65.8,88.2,63.7,1,ZQN6,96.3663,350-37566
2026-07-24,2026-07-29,375-400,33.7,34.2,11.8,36.3,0,ZQN6,96.3663,350-37566
2026-07-24,2026-09-16,350-375 (Current),17.9,22.9,47.6,29.5,0,ZQU6,96.2000,350-37517
2026-07-24,2026-09-16,375-400,57.5,54.8,47,51,1,ZQU6,96.2000,350-37517
2026-07-24,2026-09-16,400-425,24.6,22.3,5.4,19.5,0,ZQU6,96.2000,350-37517
2026-07-24,2026-10-28,350-375 (Current),12.4,16.3,38.1,22.3,0,ZQV6,96.0975,350-37512
2026-07-24,2026-10-28,375-400,45.2,45.6,47.1,45.8,1,ZQV6,96.0975,350-37512
2026-07-24,2026-10-28,400-425,34.8,31.7,13.7,27.2,0,ZQV6,96.0975,350-37512
2026-07-24,2026-10-28,425-450,7.6,6.4,1.1,4.7,0,ZQV6,96.0975,350-37512
2026-07-24,2026-12-09,350-375 (Current),7.3,9.8,25.9,14.2,0,ZQZ6,95.9525,350-3757
2026-07-24,2026-12-09,375-400,31.7,34,44.2,37.3,0,ZQZ6,95.9525,350-3757
2026-07-24,2026-12-09,400-425,39.1,37.2,24.4,33.9,1,ZQZ6,95.9525,350-3757
2026-07-24,2026-12-09,425-450,18.8,16.4,5.1,12.9,0,ZQZ6,95.9525,350-3757
2026-07-24,2026-12-09,450-475,3.1,2.5,0.3,1.7,0,ZQZ6,95.9525,350-3757
2026-07-24,2027-01-27,350-375 (Current),5.6,8,21.8,12.3,0,ZQF7,95.9175,350-3755
2026-07-24,2027-01-27,375-400,26.1,29.6,41.3,34.1,0,ZQF7,95.9175,350-3755
2026-07-24,2027-01-27,400-425,37.4,36.6,27.6,34.4,1,ZQF7,95.9175,350-3755
2026-07-24,2027-01-27,425-450,23.4,20.2,8.2,15.8,0,ZQF7,95.9175,350-3755
2026-07-24,2027-01-27,450-475,6.7,5.1,1.1,3.3,0,ZQF7,95.9175,350-3755
2026-07-24,2027-01-27,475-500,0.7,0.5,0.1,0.2,0,ZQF7,95.9175,350-3755
2026-07-24,2027-03-17,350-375 (Current),4.1,6.2,17.1,10.3,0,ZQH7,95.8375,350-3754
2026-07-24,2027-03-17,375-400,20.6,24.5,37.1,30.7,0,ZQH7,95.8375,350-3754
2026-07-24,2027-03-17,400-425,34.3,35,30.5,34.3,1,ZQH7,95.8375,350-3754
2026-07-24,2027-03-17,425-450,27.2,24.1,12.4,18.7,0,ZQH7,95.8375,350-3754
2026-07-24,2027-03-17,450-475,11.3,8.6,2.6,5.2,0,ZQH7,95.8375,350-3754
2026-07-24,2027-03-17,475-500,2.3,1.6,0.3,0.7,0,ZQH7,95.8375,350-3754
2026-07-24,2027-03-17,500-525,0.2,0.1,0,0,0,ZQH7,95.8375,350-3754
2026-07-24,2027-04-28,350-375 (Current),3.6,5.6,15.6,9.9,0,ZQJ7,95.7975,350-3753
2026-07-24,2027-04-28,375-400,18.4,22.9,35.4,29.8,0,ZQJ7,95.7975,350-3753
2026-07-24,2027-04-28,400-425,32.6,34.1,31.1,34.2,1,ZQJ7,95.7975,350-3753
2026-07-24,2027-04-28,425-450,28.1,25,13.9,19.4,0,ZQJ7,95.7975,350-3753
2026-07-24,2027-04-28,450-475,13.3,10,3.5,5.8,0,ZQJ7,95.7975,350-3753
2026-07-24,2027-04-28,475-500,3.5,2.2,0.5,0.9,0,ZQJ7,95.7975,350-3753
2026-07-24,2027-04-28,500-525,0.5,0.2,0,0.1,0,ZQJ7,95.7975,350-3753
2026-07-24,2027-06-09,325-350,0,0.1,0.2,0.7,0,ZQM7,95.7625,350-3753
2026-07-24,2027-06-09,350-375 (Current),3.5,5.9,15.9,11.3,0,ZQM7,95.7625,350-3753
2026-07-24,2027-06-09,375-400,18.1,23.1,35.3,30.1,0,ZQM7,95.7625,350-3753
2026-07-24,2027-06-09,400-425,32.2,33.9,30.8,33.1,1,ZQM7,95.7625,350-3753
2026-07-24,2027-06-09,425-450,28.2,24.8,13.7,18.4,0,ZQM7,95.7625,350-3753
2026-07-24,2027-06-09,450-475,13.6,9.9,3.4,5.4,0,ZQM7,95.7625,350-3753
2026-07-24,2027-06-09,475-500,3.7,2.1,0.5,0.8,0,ZQM7,95.7625,350-3753
2026-07-24,2027-06-09,500-525,0.5,0.2,0,0.1,0,ZQM7,95.7625,350-3753
2026-07-24,2027-07-28,300-325,0,0,0,0.1,0,ZQN7,95.7625,350-3750
2026-07-24,2027-07-28,325-350,0.1,0.5,0.9,1.6,0,ZQN7,95.7625,350-3750
2026-07-24,2027-07-28,350-375 (Current),3.8,7,16.8,13,0,ZQN7,95.7625,350-3750
2026-07-24,2027-07-28,375-400,18.4,23.8,35.1,30.4,0,ZQN7,95.7625,350-3750
2026-07-24,2027-07-28,400-425,32.2,33.3,30,31.8,1,ZQN7,95.7625,350-3750
2026-07-24,2027-07-28,425-450,27.9,23.8,13.3,17.2,0,ZQN7,95.7625,350-3750
2026-07-24,2027-07-28,450-475,13.4,9.3,3.3,5,0,ZQN7,95.7625,350-3750
2026-07-24,2027-07-28,475-500,3.6,2,0.5,0.8,0,ZQN7,95.7625,350-3750
2026-07-24,2027-07-28,500-525,0.5,0.2,0,0.1,0,ZQN7,95.7625,350-3750
2026-07-24,2027-09-15,325-350,0.6,0,0,0,0,ZQU7,95.7850,350-3750
2026-07-24,2027-09-15,350-375 (Current),6,0,0,0,0,ZQU7,95.7850,350-3750
2026-07-24,2027-09-15,375-400,20.5,0,0,0,0,ZQU7,95.7850,350-3750
2026-07-24,2027-09-15,400-425,31.5,0,0,0,1,ZQU7,95.7850,350-3750
2026-07-24,2027-09-15,425-450,25.7,0,0,0,0,ZQU7,95.7850,350-3750
2026-07-24,2027-09-15,450-475,11.9,0,0,0,0,ZQU7,95.7850,350-3750
2026-07-24,2027-09-15,475-500,3.2,0,0,0,0,ZQU7,95.7850,350-3750
2026-07-24,2027-09-15,500-525,0.5,0,0,0,0,ZQU7,95.7850,350-3750
2026-07-25,2026-07-29,350-375 (Current),65.8,65.8,87.2,65.8,1,ZQN6,96.3650,350-37565
2026-07-25,2026-07-29,375-400,34.2,34.2,12.8,34.2,0,ZQN6,96.3650,350-37565
2026-07-25,2026-09-16,350-375 (Current),17.8,17.8,42.2,34.3,0,ZQU6,96.2000,350-37517
2026-07-25,2026-09-16,375-400,57.3,57.3,51.2,49.3,1,ZQU6,96.2000,350-37517
2026-07-25,2026-09-16,400-425,25,25,6.6,16.4,0,ZQU6,96.2000,350-37517
2026-07-25,2026-10-28,350-375 (Current),12.3,12.3,31.9,26.7,0,ZQV6,96.0950,350-37512
2026-07-25,2026-10-28,375-400,45,45,49,46,1,ZQV6,96.0950,350-37512
2026-07-25,2026-10-28,400-425,35,35,17.5,23.7,0,ZQV6,96.0950,350-37512
2026-07-25,2026-10-28,425-450,7.7,7.7,1.6,3.6,0,ZQV6,96.0950,350-37512
2026-07-25,2026-12-09,350-375 (Current),7.2,7.2,21.1,18.6,0,ZQZ6,95.9500,350-3757
2026-07-25,2026-12-09,375-400,31.5,31.5,43.2,40.1,0,ZQZ6,95.9500,350-3757
2026-07-25,2026-12-09,400-425,39.1,39.1,28.2,30.5,1,ZQZ6,95.9500,350-3757
2026-07-25,2026-12-09,425-450,19,19,7,9.7,0,ZQZ6,95.9500,350-3757
2026-07-25,2026-12-09,450-475,3.2,3.2,0.5,1.1,0,ZQZ6,95.9500,350-3757
2026-07-25,2027-01-27,350-375 (Current),5.7,5.7,17.7,16.4,0,ZQF7,95.9150,350-3755
2026-07-25,2027-01-27,375-400,26.5,26.5,39.6,37.6,0,ZQF7,95.9150,350-3755
2026-07-25,2027-01-27,400-425,37.5,37.5,30.6,31.6,1,ZQF7,95.9150,350-3755
2026-07-25,2027-01-27,425-450,23.2,23.2,10.4,12.1,0,ZQF7,95.9150,350-3755
2026-07-25,2027-01-27,450-475,6.5,6.5,1.6,2.1,0,ZQF7,95.9150,350-3755
2026-07-25,2027-01-27,475-500,0.7,0.7,0.1,0.1,0,ZQF7,95.9150,350-3755
2026-07-25,2027-03-17,350-375 (Current),4.2,4.2,14.2,14.5,0,ZQH7,95.8400,350-3754
2026-07-25,2027-03-17,375-400,20.8,20.8,35.3,35.1,0,ZQH7,95.8400,350-3754
2026-07-25,2027-03-17,400-425,34.5,34.5,32.4,32.3,1,ZQH7,95.8400,350-3754
2026-07-25,2027-03-17,425-450,27.1,27.1,14.4,14.4,0,ZQH7,95.8400,350-3754
2026-07-25,2027-03-17,450-475,11,11,3.3,3.3,0,ZQH7,95.8400,350-3754
2026-07-25,2027-03-17,475-500,2.2,2.2,0.4,0.4,0,ZQH7,95.8400,350-3754
2026-07-25,2027-03-17,500-525,0.2,0.2,0,0,0,ZQH7,95.8400,350-3754
2026-07-25,2027-04-28,350-375 (Current),3.6,3.6,13.3,14.2,0,ZQJ7,95.8000,350-3753
2026-07-25,2027-04-28,375-400,18.7,18.7,34,34.7,0,ZQJ7,95.8000,350-3753
2026-07-25,2027-04-28,400-425,32.8,32.8,32.6,32.4,1,ZQJ7,95.8000,350-3753
2026-07-25,2027-04-28,425-450,28,28,15.5,14.8,0,ZQJ7,95.8000,350-3753
2026-07-25,2027-04-28,450-475,13.1,13.1,4,3.5,0,ZQJ7,95.8000,350-3753
2026-07-25,2027-04-28,475-500,3.4,3.4,0.6,0.4,0,ZQJ7,95.8000,350-3753
2026-07-25,2027-04-28,500-525,0.4,0.4,0,0,0,ZQJ7,95.8000,350-3753
2026-07-25,2027-06-09,325-350,0,0,0.2,1.3,0,ZQM7,95.7650,350-3753
2026-07-25,2027-06-09,350-375 (Current),3.5,3.5,13.6,16,0,ZQM7,95.7650,350-3753
2026-07-25,2027-06-09,375-400,18.3,18.3,34,34.5,0,ZQM7,95.7650,350-3753
2026-07-25,2027-06-09,400-425,32.5,32.5,32.3,30.8,1,ZQM7,95.7650,350-3753
2026-07-25,2027-06-09,425-450,28.1,28.1,15.4,13.8,0,ZQM7,95.7650,350-3753
2026-07-25,2027-06-09,450-475,13.4,13.4,4,3.2,0,ZQM7,95.7650,350-3753
2026-07-25,2027-06-09,475-500,3.6,3.6,0.6,0.4,0,ZQM7,95.7650,350-3753
2026-07-25,2027-06-09,500-525,0.5,0.5,0,0,0,ZQM7,95.7650,350-3753
2026-07-25,2027-07-28,300-325,0,0,0,0.1,0,ZQN7,95.7650,350-3750
2026-07-25,2027-07-28,325-350,0.1,0.1,1.1,2.9,0,ZQN7,95.7650,350-3750
2026-07-25,2027-07-28,350-375 (Current),3.9,3.9,14.9,18,0,ZQN7,95.7650,350-3750
2026-07-25,2027-07-28,375-400,18.7,18.7,33.9,34.1,0,ZQN7,95.7650,350-3750
2026-07-25,2027-07-28,400-425,32.4,32.4,31.2,28.9,1,ZQN7,95.7650,350-3750
2026-07-25,2027-07-28,425-450,27.8,27.8,14.6,12.6,0,ZQN7,95.7650,350-3750
2026-07-25,2027-07-28,450-475,13.2,13.2,3.7,2.9,0,ZQN7,95.7650,350-3750
2026-07-25,2027-07-28,475-500,3.5,3.5,0.5,0.3,0,ZQN7,95.7650,350-3750
2026-07-25,2027-07-28,500-525,0.5,0.5,0,0,0,ZQN7,95.7650,350-3750
2026-07-25,2027-09-15,325-350,0.6,0,0,0,0,ZQU7,95.7850,350-3750
2026-07-25,2027-09-15,350-375 (Current),5.8,0,0,0,0,ZQU7,95.7850,350-3750
2026-07-25,2027-09-15,375-400,20.4,0,0,0,0,ZQU7,95.7850,350-3750
2026-07-25,2027-09-15,400-425,31.8,0,0,0,1,ZQU7,95.7850,350-3750
2026-07-25,2027-09-15,425-450,25.9,0,0,0,0,ZQU7,95.7850,350-3750
2026-07-25,2027-09-15,450-475,11.9,0,0,0,0,ZQU7,95.7850,350-3750
2026-07-25,2027-09-15,475-500,3.1,0,0,0,0,ZQU7,95.7850,350-3750
2026-07-25,2027-09-15,500-525,0.4,0,0,0,0,ZQU7,95.7850,350-3750
2026-07-25,2026-07-29,350-375 (Current),65.8,65.8,87.2,67.9,1,ZQN6,96.3650,350-37565
2026-07-25,2026-07-29,375-400,34.2,34.2,12.8,32.1,0,ZQN6,96.3650,350-37565
2026-07-25,2026-09-16,350-375 (Current),17.8,17.8,42.2,36.8,0,ZQU6,96.2000,350-37517
2026-07-25,2026-09-16,375-400,57.3,57.3,51.2,48.5,1,ZQU6,96.2000,350-37517
2026-07-25,2026-09-16,400-425,25,25,6.6,14.7,0,ZQU6,96.2000,350-37517
2026-07-25,2026-10-28,350-375 (Current),12.3,12.3,31.9,28.6,0,ZQV6,96.0950,350-37512
2026-07-25,2026-10-28,375-400,45,45,49,45.9,1,ZQV6,96.0950,350-37512
2026-07-25,2026-10-28,400-425,35,35,17.5,22.2,0,ZQV6,96.0950,350-37512
2026-07-25,2026-10-28,425-450,7.7,7.7,1.6,3.3,0,ZQV6,96.0950,350-37512
2026-07-25,2026-12-09,350-375 (Current),7.2,7.2,21.1,19.2,0,ZQZ6,95.9500,350-3757
2026-07-25,2026-12-09,375-400,31.5,31.5,43.2,40.2,0,ZQZ6,95.9500,350-3757
2026-07-25,2026-12-09,400-425,39.1,39.1,28.2,30,1,ZQZ6,95.9500,350-3757
2026-07-25,2026-12-09,425-450,19,19,7,9.5,0,ZQZ6,95.9500,350-3757
2026-07-25,2026-12-09,450-475,3.2,3.2,0.5,1.1,0,ZQZ6,95.9500,350-3757
2026-07-25,2027-01-27,350-375 (Current),5.7,5.7,17.7,17.5,0,ZQF7,95.9150,350-3755
2026-07-25,2027-01-27,375-400,26.5,26.5,39.6,38.3,0,ZQF7,95.9150,350-3755
2026-07-25,2027-01-27,400-425,37.5,37.5,30.6,30.9,1,ZQF7,95.9150,350-3755
2026-07-25,2027-01-27,425-450,23.2,23.2,10.4,11.4,0,ZQF7,95.9150,350-3755
2026-07-25,2027-01-27,450-475,6.5,6.5,1.6,1.8,0,ZQF7,95.9150,350-3755
2026-07-25,2027-01-27,475-500,0.7,0.7,0.1,0.1,0,ZQF7,95.9150,350-3755
2026-07-25,2027-03-17,350-375 (Current),4.2,4.2,14.2,15.4,0,ZQH7,95.8400,350-3754
2026-07-25,2027-03-17,375-400,20.8,20.8,35.3,35.8,0,ZQH7,95.8400,350-3754
2026-07-25,2027-03-17,400-425,34.5,34.5,32.4,31.8,1,ZQH7,95.8400,350-3754
2026-07-25,2027-03-17,425-450,27.1,27.1,14.4,13.7,0,ZQH7,95.8400,350-3754
2026-07-25,2027-03-17,450-475,11,11,3.3,3,0,ZQH7,95.8400,350-3754
2026-07-25,2027-03-17,475-500,2.2,2.2,0.4,0.3,0,ZQH7,95.8400,350-3754
2026-07-25,2027-03-17,500-525,0.2,0.2,0,0,0,ZQH7,95.8400,350-3754
2026-07-25,2027-04-28,325-350,0,0,0,0.3,0,ZQJ7,95.8000,350-3753
2026-07-25,2027-04-28,350-375 (Current),3.6,3.6,13.3,15.8,0,ZQJ7,95.8000,350-3753
2026-07-25,2027-04-28,375-400,18.7,18.7,34,35.7,0,ZQJ7,95.8000,350-3753
2026-07-25,2027-04-28,400-425,32.8,32.8,32.6,31.4,1,ZQJ7,95.8000,350-3753
2026-07-25,2027-04-28,425-450,28,28,15.5,13.5,0,ZQJ7,95.8000,350-3753
2026-07-25,2027-04-28,450-475,13.1,13.1,4,2.9,0,ZQJ7,95.8000,350-3753
2026-07-25,2027-04-28,475-500,3.4,3.4,0.6,0.3,0,ZQJ7,95.8000,350-3753
2026-07-25,2027-04-28,500-525,0.4,0.4,0,0,0,ZQJ7,95.8000,350-3753
2026-07-25,2027-06-09,325-350,0,0,0.2,2,0,ZQM7,95.7650,350-3753
2026-07-25,2027-06-09,350-375 (Current),3.5,3.5,13.6,18,0,ZQM7,95.7650,350-3753
2026-07-25,2027-06-09,375-400,18.3,18.3,34,35.2,0,ZQM7,95.7650,350-3753
2026-07-25,2027-06-09,400-425,32.5,32.5,32.3,29.5,1,ZQM7,95.7650,350-3753
2026-07-25,2027-06-09,425-450,28.1,28.1,15.4,12.3,0,ZQM7,95.7650,350-3753
2026-07-25,2027-06-09,450-475,13.4,13.4,4,2.6,0,ZQM7,95.7650,350-3753
2026-07-25,2027-06-09,475-500,3.6,3.6,0.6,0.3,0,ZQM7,95.7650,350-3753
2026-07-25,2027-06-09,500-525,0.5,0.5,0,0,0,ZQM7,95.7650,350-3753
2026-07-25,2027-07-28,300-325,0,0,0,0.3,0,ZQN7,95.7650,350-3750
2026-07-25,2027-07-28,325-350,0.1,0.1,1.1,3.8,0,ZQN7,95.7650,350-3750
2026-07-25,2027-07-28,350-375 (Current),3.9,3.9,14.9,19.9,0,ZQN7,95.7650,350-3750
2026-07-25,2027-07-28,375-400,18.7,18.7,33.9,34.6,0,ZQN7,95.7650,350-3750
2026-07-25,2027-07-28,400-425,32.4,32.4,31.2,27.6,1,ZQN7,95.7650,350-3750
2026-07-25,2027-07-28,425-450,27.8,27.8,14.6,11.3,0,ZQN7,95.7650,350-3750
2026-07-25,2027-07-28,450-475,13.2,13.2,3.7,2.4,0,ZQN7,95.7650,350-3750
2026-07-25,2027-07-28,475-500,3.5,3.5,0.5,0.2,0,ZQN7,95.7650,350-3750
2026-07-25,2027-07-28,500-525,0.5,0.5,0,0,0,ZQN7,95.7650,350-3750
2026-07-25,2027-09-15,325-350,0.6,0,0,0,0,ZQU7,95.7850,350-3750
2026-07-25,2027-09-15,350-375 (Current),5.8,0,0,0,0,ZQU7,95.7850,350-3750
2026-07-25,2027-09-15,375-400,20.4,0,0,0,0,ZQU7,95.7850,350-3750
2026-07-25,2027-09-15,400-425,31.8,0,0,0,1,ZQU7,95.7850,350-3750
2026-07-25,2027-09-15,425-450,25.9,0,0,0,0,ZQU7,95.7850,350-3750
2026-07-25,2027-09-15,450-475,11.9,0,0,0,0,ZQU7,95.7850,350-3750
2026-07-25,2027-09-15,475-500,3.1,0,0,0,0,ZQU7,95.7850,350-3750
2026-07-25,2027-09-15,500-525,0.4,0,0,0,0,ZQU7,95.7850,350-3750
2026-07-26,2026-07-29,350-375 (Current),65.8,62.6,87.2,67.9,1,ZQN6,96.3650,350-37565
2026-07-26,2026-07-29,375-400,34.2,37.4,12.8,32.1,0,ZQN6,96.3650,350-37565
2026-07-26,2026-09-16,350-375 (Current),17.8,18,42.2,36.8,0,ZQU6,96.2000,350-37517
2026-07-26,2026-09-16,375-400,57.3,55.3,51.2,48.5,1,ZQU6,96.2000,350-37517
2026-07-26,2026-09-16,400-425,25,26.6,6.6,14.7,0,ZQU6,96.2000,350-37517
2026-07-26,2026-10-28,350-375 (Current),12.3,12.8,31.9,28.6,0,ZQV6,96.0950,350-37512
2026-07-26,2026-10-28,375-400,45,44.6,49,45.9,1,ZQV6,96.0950,350-37512
2026-07-26,2026-10-28,400-425,35,34.9,17.5,22.2,0,ZQV6,96.0950,350-37512
2026-07-26,2026-10-28,425-450,7.7,7.7,1.6,3.3,0,ZQV6,96.0950,350-37512
2026-07-26,2026-12-09,350-375 (Current),7.2,7.7,21.1,19.2,0,ZQZ6,95.9500,350-3757
2026-07-26,2026-12-09,375-400,31.5,32,43.2,40.2,0,ZQZ6,95.9500,350-3757
2026-07-26,2026-12-09,400-425,39.1,38.7,28.2,30,1,ZQZ6,95.9500,350-3757
2026-07-26,2026-12-09,425-450,19,18.5,7,9.5,0,ZQZ6,95.9500,350-3757
2026-07-26,2026-12-09,450-475,3.2,3,0.5,1.1,0,ZQZ6,95.9500,350-3757
2026-07-26,2027-01-27,350-375 (Current),5.7,6.3,17.7,17.5,0,ZQF7,95.9150,350-3755
2026-07-26,2027-01-27,375-400,26.5,27.6,39.6,38.3,0,ZQF7,95.9150,350-3755
2026-07-26,2027-01-27,400-425,37.5,37.5,30.6,30.9,1,ZQF7,95.9150,350-3755
2026-07-26,2027-01-27,425-450,23.2,22.2,10.4,11.4,0,ZQF7,95.9150,350-3755
2026-07-26,2027-01-27,450-475,6.5,5.9,1.6,1.8,0,ZQF7,95.9150,350-3755
2026-07-26,2027-01-27,475-500,0.7,0.6,0.1,0.1,0,ZQF7,95.9150,350-3755
2026-07-26,2027-03-17,350-375 (Current),4.2,4.7,14.2,15.4,0,ZQH7,95.8400,350-3754
2026-07-26,2027-03-17,375-400,20.8,22.2,35.3,35.8,0,ZQH7,95.8400,350-3754
2026-07-26,2027-03-17,400-425,34.5,35,32.4,31.8,1,ZQH7,95.8400,350-3754
2026-07-26,2027-03-17,425-450,27.1,26.1,14.4,13.7,0,ZQH7,95.8400,350-3754
2026-07-26,2027-03-17,450-475,11,10,3.3,3,0,ZQH7,95.8400,350-3754
2026-07-26,2027-03-17,475-500,2.2,1.9,0.4,0.3,0,ZQH7,95.8400,350-3754
2026-07-26,2027-03-17,500-525,0.2,0.1,0,0,0,ZQH7,95.8400,350-3754
2026-07-26,2027-04-28,325-350,0,0,0,0.3,0,ZQJ7,95.8000,350-3753
2026-07-26,2027-04-28,350-375 (Current),3.6,4.2,13.3,15.8,0,ZQJ7,95.8000,350-3753
2026-07-26,2027-04-28,375-400,18.7,20.3,34,35.7,0,ZQJ7,95.8000,350-3753
2026-07-26,2027-04-28,400-425,32.8,33.6,32.6,31.4,1,ZQJ7,95.8000,350-3753
2026-07-26,2027-04-28,425-450,28,27,15.5,13.5,0,ZQJ7,95.8000,350-3753
2026-07-26,2027-04-28,450-475,13.1,11.7,4,2.9,0,ZQJ7,95.8000,350-3753
2026-07-26,2027-04-28,475-500,3.4,2.8,0.6,0.3,0,ZQJ7,95.8000,350-3753
2026-07-26,2027-04-28,500-525,0.4,0.3,0,0,0,ZQJ7,95.8000,350-3753
2026-07-26,2027-06-09,325-350,0,0.1,0.2,2,0,ZQM7,95.7650,350-3753
2026-07-26,2027-06-09,350-375 (Current),3.5,4.5,13.6,18,0,ZQM7,95.7650,350-3753
2026-07-26,2027-06-09,375-400,18.3,20.5,34,35.2,0,ZQM7,95.7650,350-3753
2026-07-26,2027-06-09,400-425,32.5,33.5,32.3,29.5,1,ZQM7,95.7650,350-3753
2026-07-26,2027-06-09,425-450,28.1,26.8,15.4,12.3,0,ZQM7,95.7650,350-3753
2026-07-26,2027-06-09,450-475,13.4,11.6,4,2.6,0,ZQM7,95.7650,350-3753
2026-07-26,2027-06-09,475-500,3.6,2.7,0.6,0.3,0,ZQM7,95.7650,350-3753
2026-07-26,2027-06-09,500-525,0.5,0.3,0,0,0,ZQM7,95.7650,350-3753
2026-07-26,2027-07-28,300-325,0,0,0,0.3,0,ZQN7,95.7650,350-3750
2026-07-26,2027-07-28,325-350,0.1,0.3,1.1,3.8,0,ZQN7,95.7650,350-3750
2026-07-26,2027-07-28,350-375 (Current),3.9,5.2,14.9,19.9,0,ZQN7,95.7650,350-3750
2026-07-26,2027-07-28,375-400,18.7,21.1,33.9,34.6,0,ZQN7,95.7650,350-3750
2026-07-26,2027-07-28,400-425,32.4,33.2,31.2,27.6,1,ZQN7,95.7650,350-3750
2026-07-26,2027-07-28,425-450,27.8,26.1,14.6,11.3,0,ZQN7,95.7650,350-3750
2026-07-26,2027-07-28,450-475,13.2,11.2,3.7,2.4,0,ZQN7,95.7650,350-3750
2026-07-26,2027-07-28,475-500,3.5,2.6,0.5,0.2,0,ZQN7,95.7650,350-3750
2026-07-26,2027-07-28,500-525,0.5,0.3,0,0,0,ZQN7,95.7650,350-3750
2026-07-26,2027-09-15,325-350,0.6,0,0,0,0,ZQU7,95.7850,350-3750
2026-07-26,2027-09-15,350-375 (Current),5.8,0,0,0,0,ZQU7,95.7850,350-3750
2026-07-26,2027-09-15,375-400,20.4,0,0,0,0,ZQU7,95.7850,350-3750
2026-07-26,2027-09-15,400-425,31.8,0,0,0,1,ZQU7,95.7850,350-3750
2026-07-26,2027-09-15,425-450,25.9,0,0,0,0,ZQU7,95.7850,350-3750
2026-07-26,2027-09-15,450-475,11.9,0,0,0,0,ZQU7,95.7850,350-3750
2026-07-26,2027-09-15,475-500,3.1,0,0,0,0,ZQU7,95.7850,350-3750
2026-07-26,2027-09-15,500-525,0.4,0,0,0,0,ZQU7,95.7850,350-3750
2026-07-26,2026-07-29,350-375 (Current),65.8,62.6,87.2,70.1,1,ZQN6,96.3650,350-37565
2026-07-26,2026-07-29,375-400,34.2,37.4,12.8,29.9,0,ZQN6,96.3650,350-37565
2026-07-26,2026-09-16,350-375 (Current),17.8,18,42.2,40.6,0,ZQU6,96.2000,350-37517
2026-07-26,2026-09-16,375-400,57.3,55.3,51.2,46.8,1,ZQU6,96.2000,350-37517
2026-07-26,2026-09-16,400-425,25,26.6,6.6,12.6,0,ZQU6,96.2000,350-37517
2026-07-26,2026-10-28,350-375 (Current),12.3,12.8,31.9,32.5,0,ZQV6,96.0950,350-37512
2026-07-26,2026-10-28,375-400,45,44.6,49,45.6,1,ZQV6,96.0950,350-37512
2026-07-26,2026-10-28,400-425,35,34.9,17.5,19.4,0,ZQV6,96.0950,350-37512
2026-07-26,2026-10-28,425-450,7.7,7.7,1.6,2.5,0,ZQV6,96.0950,350-37512
2026-07-26,2026-12-09,350-375 (Current),7.2,7.7,21.1,23,0,ZQZ6,95.9500,350-3757
2026-07-26,2026-12-09,375-400,31.5,32,43.2,41.8,0,ZQZ6,95.9500,350-3757
2026-07-26,2026-12-09,400-425,39.1,38.7,28.2,27,1,ZQZ6,95.9500,350-3757
2026-07-26,2026-12-09,425-450,19,18.5,7,7.4,0,ZQZ6,95.9500,350-3757
2026-07-26,2026-12-09,450-475,3.2,3,0.5,0.7,0,ZQZ6,95.9500,350-3757
2026-07-26,2027-01-27,350-375 (Current),5.7,6.3,17.7,21.5,0,ZQF7,95.9150,350-3755
2026-07-26,2027-01-27,375-400,26.5,27.6,39.6,40.5,0,ZQF7,95.9150,350-3755
2026-07-26,2027-01-27,400-425,37.5,37.5,30.6,28,1,ZQF7,95.9150,350-3755
2026-07-26,2027-01-27,425-450,23.2,22.2,10.4,8.8,0,ZQF7,95.9150,350-3755
2026-07-26,2027-01-27,450-475,6.5,5.9,1.6,1.2,0,ZQF7,95.9150,350-3755
2026-07-26,2027-01-27,475-500,0.7,0.6,0.1,0.1,0,ZQF7,95.9150,350-3755
2026-07-26,2027-03-17,350-375 (Current),4.2,4.7,14.2,18.8,0,ZQH7,95.8400,350-3754
2026-07-26,2027-03-17,375-400,20.8,22.2,35.3,38.2,0,ZQH7,95.8400,350-3754
2026-07-26,2027-03-17,400-425,34.5,35,32.4,29.6,1,ZQH7,95.8400,350-3754
2026-07-26,2027-03-17,425-450,27.1,26.1,14.4,11.1,0,ZQH7,95.8400,350-3754
2026-07-26,2027-03-17,450-475,11,10,3.3,2.1,0,ZQH7,95.8400,350-3754
2026-07-26,2027-03-17,475-500,2.2,1.9,0.4,0.2,0,ZQH7,95.8400,350-3754
2026-07-26,2027-03-17,500-525,0.2,0.1,0,0,0,ZQH7,95.8400,350-3754
2026-07-26,2027-04-28,325-350,0,0,0,0.4,0,ZQJ7,95.8000,350-3753
2026-07-26,2027-04-28,350-375 (Current),3.6,4.2,13.3,19.3,0,ZQJ7,95.8000,350-3753
2026-07-26,2027-04-28,375-400,18.7,20.3,34,38,0,ZQJ7,95.8000,350-3753
2026-07-26,2027-04-28,400-425,32.8,33.6,32.6,29.2,1,ZQJ7,95.8000,350-3753
2026-07-26,2027-04-28,425-450,28,27,15.5,10.9,0,ZQJ7,95.8000,350-3753
2026-07-26,2027-04-28,450-475,13.1,11.7,4,2.1,0,ZQJ7,95.8000,350-3753
2026-07-26,2027-04-28,475-500,3.4,2.8,0.6,0.2,0,ZQJ7,95.8000,350-3753
2026-07-26,2027-04-28,500-525,0.4,0.3,0,0,0,ZQJ7,95.8000,350-3753
2026-07-26,2027-06-09,325-350,0,0.1,0.2,2.5,0,ZQM7,95.7650,350-3753
2026-07-26,2027-06-09,350-375 (Current),3.5,4.5,13.6,21.3,0,ZQM7,95.7650,350-3753
2026-07-26,2027-06-09,375-400,18.3,20.5,34,37,0,ZQM7,95.7650,350-3753
2026-07-26,2027-06-09,400-425,32.5,33.5,32.3,27.2,1,ZQM7,95.7650,350-3753
2026-07-26,2027-06-09,425-450,28.1,26.8,15.4,10,0,ZQM7,95.7650,350-3753
2026-07-26,2027-06-09,450-475,13.4,11.6,4,1.9,0,ZQM7,95.7650,350-3753
2026-07-26,2027-06-09,475-500,3.6,2.7,0.6,0.2,0,ZQM7,95.7650,350-3753
2026-07-26,2027-06-09,500-525,0.5,0.3,0,0,0,ZQM7,95.7650,350-3753
2026-07-26,2027-07-28,300-325,0,0,0,0.3,0,ZQN7,95.7650,350-3750
2026-07-26,2027-07-28,325-350,0.1,0.3,1.1,4.6,0,ZQN7,95.7650,350-3750
2026-07-26,2027-07-28,350-375 (Current),3.9,5.2,14.9,23,0,ZQN7,95.7650,350-3750
2026-07-26,2027-07-28,375-400,18.7,21.1,33.9,35.9,0,ZQN7,95.7650,350-3750
2026-07-26,2027-07-28,400-425,32.4,33.2,31.2,25.3,1,ZQN7,95.7650,350-3750
2026-07-26,2027-07-28,425-450,27.8,26.1,14.6,9.1,0,ZQN7,95.7650,350-3750
2026-07-26,2027-07-28,450-475,13.2,11.2,3.7,1.7,0,ZQN7,95.7650,350-3750
2026-07-26,2027-07-28,475-500,3.5,2.6,0.5,0.1,0,ZQN7,95.7650,350-3750
2026-07-26,2027-07-28,500-525,0.5,0.3,0,0,0,ZQN7,95.7650,350-3750
2026-07-26,2027-09-15,325-350,0.6,0,0,0,0,ZQU7,95.7850,350-3750
2026-07-26,2027-09-15,350-375 (Current),5.8,0,0,0,0,ZQU7,95.7850,350-3750
2026-07-26,2027-09-15,375-400,20.4,0,0,0,0,ZQU7,95.7850,350-3750
2026-07-26,2027-09-15,400-425,31.8,0,0,0,1,ZQU7,95.7850,350-3750
2026-07-26,2027-09-15,425-450,25.9,0,0,0,0,ZQU7,95.7850,350-3750
2026-07-26,2027-09-15,450-475,11.9,0,0,0,0,ZQU7,95.7850,350-3750
2026-07-26,2027-09-15,475-500,3.1,0,0,0,0,ZQU7,95.7850,350-3750
2026-07-26,2027-09-15,500-525,0.4,0,0,0,0,ZQU7,95.7850,350-3750
2026-07-26,2026-07-29,350-375 (Current),63.7,62.6,87.2,70.1,1,ZQN6,96.3650,350-37563
2026-07-26,2026-07-29,375-400,36.3,37.4,12.8,29.9,0,ZQN6,96.3650,350-37563
2026-07-26,2026-09-16,350-375 (Current),19.6,18,42.2,40.6,0,ZQU6,96.1475,350-37519
2026-07-26,2026-09-16,375-400,55.2,55.3,51.2,46.8,1,ZQU6,96.1475,350-37519
2026-07-26,2026-09-16,400-425,25.2,26.6,6.6,12.6,0,ZQU6,96.1475,350-37519
2026-07-26,2026-10-28,350-375 (Current),14,12.8,31.9,32.5,0,ZQV6,96.1000,350-37514
2026-07-26,2026-10-28,375-400,45,44.6,49,45.6,1,ZQV6,96.1000,350-37514
2026-07-26,2026-10-28,400-425,33.8,34.9,17.5,19.4,0,ZQV6,96.1000,350-37514
2026-07-26,2026-10-28,425-450,7.2,7.7,1.6,2.5,0,ZQV6,96.1000,350-37514
2026-07-26,2026-12-09,350-375 (Current),7.6,7.7,21.1,23,0,ZQZ6,95.9800,350-3757
2026-07-26,2026-12-09,375-400,30.9,32,43.2,41.8,0,ZQZ6,95.9800,350-3757
2026-07-26,2026-12-09,400-425,38.9,38.7,28.2,27,1,ZQZ6,95.9800,350-3757
2026-07-26,2026-12-09,425-450,19.3,18.5,7,7.4,0,ZQZ6,95.9800,350-3757
2026-07-26,2026-12-09,450-475,3.3,3,0.5,0.7,0,ZQZ6,95.9800,350-3757
2026-07-26,2027-01-27,350-375 (Current),7.2,6.3,17.7,21.5,0,ZQF7,95.9200,350-3757
2026-07-26,2027-01-27,375-400,29.6,27.6,39.6,40.5,0,ZQF7,95.9200,350-3757
2026-07-26,2027-01-27,400-425,38.4,37.5,30.6,28,1,ZQF7,95.9200,350-3757
2026-07-26,2027-01-27,425-450,20.4,22.2,10.4,8.8,0,ZQF7,95.9200,350-3757
2026-07-26,2027-01-27,450-475,4.2,5.9,1.6,1.2,0,ZQF7,95.9200,350-3757
2026-07-26,2027-01-27,475-500,0.2,0.6,0.1,0.1,0,ZQF7,95.9200,350-3757
2026-07-26,2027-03-17,350-375 (Current),5.4,4.7,14.2,18.8,0,ZQH7,95.8550,350-3755
2026-07-26,2027-03-17,375-400,24,22.2,35.3,38.2,0,ZQH7,95.8550,350-3755
2026-07-26,2027-03-17,400-425,36.2,35,32.4,29.6,1,ZQH7,95.8550,350-3755
2026-07-26,2027-03-17,425-450,24.9,26.1,14.4,11.1,0,ZQH7,95.8550,350-3755
2026-07-26,2027-03-17,450-475,8.2,10,3.3,2.1,0,ZQH7,95.8550,350-3755
2026-07-26,2027-03-17,475-500,1.2,1.9,0.4,0.2,0,ZQH7,95.8550,350-3755
2026-07-26,2027-03-17,500-525,0,0.1,0,0,0,ZQH7,95.8550,350-3755
2026-07-26,2027-04-28,325-350,0,0,0,0.4,0,ZQJ7,95.8425,350-3754
2026-07-26,2027-04-28,350-375 (Current),4.5,4.2,13.3,19.3,0,ZQJ7,95.8425,350-3754
2026-07-26,2027-04-28,375-400,21,20.3,34,38,0,ZQJ7,95.8425,350-3754
2026-07-26,2027-04-28,400-425,34.3,33.6,32.6,29.2,1,ZQJ7,95.8425,350-3754
2026-07-26,2027-04-28,425-450,26.7,27,15.5,10.9,0,ZQJ7,95.8425,350-3754
2026-07-26,2027-04-28,450-475,10.9,11.7,4,2.1,0,ZQJ7,95.8425,350-3754
2026-07-26,2027-04-28,475-500,2.3,2.8,0.6,0.2,0,ZQJ7,95.8425,350-3754
2026-07-26,2027-04-28,500-525,0.2,0.3,0,0,0,ZQJ7,95.8425,350-3754
2026-07-26,2027-06-09,325-350,0,0.1,0.2,2.5,0,ZQM7,95.8550,350-3754
2026-07-26,2027-06-09,350-375 (Current),4.5,4.5,13.6,21.3,0,ZQM7,95.8550,350-3754
2026-07-26,2027-06-09,375-400,20.8,20.5,34,37,0,ZQM7,95.8550,350-3754
2026-07-26,2027-06-09,400-425,34.1,33.5,32.3,27.2,1,ZQM7,95.8550,350-3754
2026-07-26,2027-06-09,425-450,26.8,26.8,15.4,10,0,ZQM7,95.8550,350-3754
2026-07-26,2027-06-09,450-475,11.1,11.6,4,1.9,0,ZQM7,95.8550,350-3754
2026-07-26,2027-06-09,475-500,2.4,2.7,0.6,0.2,0,ZQM7,95.8550,350-3754
2026-07-26,2027-06-09,500-525,0.3,0.3,0,0,0,ZQM7,95.8550,350-3754
2026-07-26,2027-07-28,300-325,0,0,0,0.3,0,ZQN7,95.8025,350-3750
2026-07-26,2027-07-28,325-350,0.1,0.3,1.1,4.6,0,ZQN7,95.8025,350-3750
2026-07-26,2027-07-28,350-375 (Current),5,5.2,14.9,23,0,ZQN7,95.8025,350-3750
2026-07-26,2027-07-28,375-400,21.3,21.1,33.9,35.9,0,ZQN7,95.8025,350-3750
2026-07-26,2027-07-28,400-425,33.8,33.2,31.2,25.3,1,ZQN7,95.8025,350-3750
2026-07-26,2027-07-28,425-450,26.3,26.1,14.6,9.1,0,ZQN7,95.8025,350-3750
2026-07-26,2027-07-28,450-475,10.8,11.2,3.7,1.7,0,ZQN7,95.8025,350-3750
2026-07-26,2027-07-28,475-500,2.4,2.6,0.5,0.1,0,ZQN7,95.8025,350-3750
2026-07-26,2027-07-28,500-525,0.2,0.3,0,0,0,ZQN7,95.8025,350-3750
2026-07-26,2027-09-15,325-350,0.9,0,0,0,0,ZQU7,95.8250,350-3750
2026-07-26,2027-09-15,350-375 (Current),7.5,0,0,0,0,ZQU7,95.8250,350-3750
2026-07-26,2027-09-15,375-400,23.2,0,0,0,0,ZQU7,95.8250,350-3750
2026-07-26,2027-09-15,400-425,32.7,0,0,0,1,ZQU7,95.8250,350-3750
2026-07-26,2027-09-15,425-450,24,0,0,0,0,ZQU7,95.8250,350-3750
2026-07-26,2027-09-15,450-475,9.6,0,0,0,0,ZQU7,95.8250,350-3750
2026-07-26,2027-09-15,475-500,2,0,0,0,0,ZQU7,95.8250,350-3750
2026-07-26,2027-09-15,500-525,0.2,0,0,0,0,ZQU7,95.8250,350-3750
2026-07-28,2026-07-29,350-375 (Current),62.1,62.6,84,70.1,1,ZQN6,96.3663,350-37562
2026-07-28,2026-07-29,375-400,37.9,37.4,16,29.9,0,ZQN6,96.3663,350-37562
2026-07-28,2026-09-16,350-375 (Current),19.2,18,35.7,40.6,0,ZQU6,96.1925,350-37519
2026-07-28,2026-09-16,375-400,54.6,55.3,55,46.8,1,ZQU6,96.1925,350-37519
2026-07-28,2026-09-16,400-425,26.2,26.6,9.2,12.6,0,ZQU6,96.1925,350-37519
2026-07-28,2026-10-28,350-375 (Current),13.3,12.8,26.2,32.5,0,ZQV6,96.0975,350-37513
2026-07-28,2026-10-28,375-400,43.6,44.6,49.9,45.6,1,ZQV6,96.0975,350-37513
2026-07-28,2026-10-28,400-425,35,34.9,21.4,19.4,0,ZQV6,96.0975,350-37513
2026-07-28,2026-10-28,425-450,8.1,7.7,2.4,2.5,0,ZQV6,96.0975,350-37513
2026-07-28,2026-12-09,350-375 (Current),8.5,7.7,16.3,23,0,ZQZ6,95.9625,350-3758
2026-07-28,2026-12-09,375-400,32.7,32,40.9,41.8,0,ZQZ6,95.9625,350-3758
2026-07-28,2026-12-09,400-425,38.1,38.7,32.2,27,1,ZQZ6,95.9625,350-3758
2026-07-28,2026-12-09,425-450,17.8,18.5,9.6,7.4,0,ZQZ6,95.9625,350-3758
2026-07-28,2026-12-09,450-475,2.9,3,0.9,0.7,0,ZQZ6,95.9625,350-3758
2026-07-28,2027-01-27,350-375 (Current),7.1,6.3,13.7,21.5,0,ZQF7,95.9325,350-3757
2026-07-28,2027-01-27,375-400,28.8,27.6,37,40.5,0,ZQF7,95.9325,350-3757
2026-07-28,2027-01-27,400-425,37.2,37.5,33.6,28,1,ZQF7,95.9325,350-3757
2026-07-28,2027-01-27,425-450,21,22.2,13.3,8.8,0,ZQF7,95.9325,350-3757
2026-07-28,2027-01-27,450-475,5.3,5.9,2.3,1.2,0,ZQF7,95.9325,350-3757
2026-07-28,2027-01-27,475-500,0.5,0.6,0.1,0.1,0,ZQF7,95.9325,350-3757
2026-07-28,2027-03-17,350-375 (Current),5.6,4.7,10.7,18.8,0,ZQH7,95.8725,350-3755
2026-07-28,2027-03-17,375-400,24.2,22.2,32,38.2,0,ZQH7,95.8725,350-3755
2026-07-28,2027-03-17,400-425,35.4,35,34.3,29.6,1,ZQH7,95.8725,350-3755
2026-07-28,2027-03-17,425-450,24.5,26.1,17.6,11.1,0,ZQH7,95.8725,350-3755
2026-07-28,2027-03-17,450-475,8.7,10,4.7,2.1,0,ZQH7,95.8725,350-3755
2026-07-28,2027-03-17,475-500,1.5,1.9,0.6,0.2,0,ZQH7,95.8725,350-3755
2026-07-28,2027-03-17,500-525,0.1,0.1,0,0,0,ZQH7,95.8725,350-3755
2026-07-28,2027-04-28,325-350,0,0,0,0.4,0,ZQJ7,95.8425,350-3755
2026-07-28,2027-04-28,350-375 (Current),5.2,4.2,10,19.3,0,ZQJ7,95.8425,350-3755
2026-07-28,2027-04-28,375-400,22.8,20.3,30.6,38,0,ZQJ7,95.8425,350-3755
2026-07-28,2027-04-28,400-425,34.6,33.6,34.2,29.2,1,ZQJ7,95.8425,350-3755
2026-07-28,2027-04-28,425-450,25.3,27,18.7,10.9,0,ZQJ7,95.8425,350-3755
2026-07-28,2027-04-28,450-475,9.9,11.7,5.5,2.1,0,ZQJ7,95.8425,350-3755
2026-07-28,2027-04-28,475-500,2,2.8,0.9,0.2,0,ZQJ7,95.8425,350-3755
2026-07-28,2027-04-28,500-525,0.2,0.3,0.1,0,0,ZQJ7,95.8425,350-3755
2026-07-28,2027-06-09,325-350,0.1,0.1,0.1,2.5,0,ZQM7,95.8250,350-3750
2026-07-28,2027-06-09,350-375 (Current),5.4,4.5,10.3,21.3,0,ZQM7,95.8250,350-3750
2026-07-28,2027-06-09,375-400,22.9,20.5,30.6,37,0,ZQM7,95.8250,350-3750
2026-07-28,2027-06-09,400-425,34.5,33.5,34,27.2,1,ZQM7,95.8250,350-3750
2026-07-28,2027-06-09,425-450,25.1,26.8,18.5,10,0,ZQM7,95.8250,350-3750
2026-07-28,2027-06-09,450-475,9.8,11.6,5.5,1.9,0,ZQM7,95.8250,350-3750
2026-07-28,2027-06-09,475-500,2,2.7,0.9,0.2,0,ZQM7,95.8250,350-3750
2026-07-28,2027-06-09,500-525,0.2,0.3,0.1,0,0,ZQM7,95.8250,350-3750
2026-07-28,2027-07-28,300-325,0,0,0,0.3,0,ZQN7,95.8300,350-3750
2026-07-28,2027-07-28,325-350,0.4,0.3,0.8,4.6,0,ZQN7,95.8300,350-3750
2026-07-28,2027-07-28,350-375 (Current),6.6,5.2,11.7,23,0,ZQN7,95.8300,350-3750
2026-07-28,2027-07-28,375-400,23.7,21.1,30.9,35.9,0,ZQN7,95.8300,350-3750
2026-07-28,2027-07-28,400-425,33.8,33.2,32.9,25.3,1,ZQN7,95.8300,350-3750
2026-07-28,2027-07-28,425-450,24.1,26.1,17.7,9.1,0,ZQN7,95.8300,350-3750
2026-07-28,2027-07-28,450-475,9.3,11.2,5.2,1.7,0,ZQN7,95.8300,350-3750
2026-07-28,2027-07-28,475-500,1.9,2.6,0.8,0.1,0,ZQN7,95.8300,350-3750
2026-07-28,2027-07-28,500-525,0.2,0.3,0.1,0,0,ZQN7,95.8300,350-3750
2026-07-28,2027-09-15,300-325,0.1,0,0,0,0,ZQU7,95.8625,350-3750
2026-07-28,2027-09-15,325-350,1.3,0,0,0,0,ZQU7,95.8625,350-3750
2026-07-28,2027-09-15,350-375 (Current),9,0,0,0,0,ZQU7,95.8625,350-3750
2026-07-28,2027-09-15,375-400,25.1,0,0,0,0,ZQU7,95.8625,350-3750
2026-07-28,2027-09-15,400-425,32.5,0,0,0,1,ZQU7,95.8625,350-3750
2026-07-28,2027-09-15,425-450,22,0,0,0,0,ZQU7,95.8625,350-3750
2026-07-28,2027-09-15,450-475,8.2,0,0,0,0,ZQU7,95.8625,350-3750
2026-07-28,2027-09-15,475-500,1.7,0,0,0,0,ZQU7,95.8625,350-3750
2026-07-28,2027-09-15,500-525,0.2,0,0,0,0,ZQU7,95.8625,350-3750
2026-07-29,2026-07-29,350-375 (Current),67.9,63.7,74.3,70.1,1,ZQN6,96.3675,350-37567
2026-07-29,2026-07-29,375-400,32.1,36.3,25.7,29.9,0,ZQN6,96.3675,350-37567
2026-07-29,2026-09-16,350-375 (Current),21.1,18.5,30.3,40.6,0,ZQU6,96.2125,350-37521
2026-07-29,2026-09-16,375-400,56.8,55.7,54.5,46.8,1,ZQU6,96.2125,350-37521
2026-07-29,2026-09-16,400-425,22.1,25.8,15.2,12.6,0,ZQU6,96.2125,350-37521
2026-07-29,2026-10-28,350-375 (Current),14.5,12.7,21.6,32.5,0,ZQV6,96.1125,350-37514
2026-07-29,2026-10-28,375-400,45.7,44.2,47.5,45.6,1,ZQV6,96.1125,350-37514
2026-07-29,2026-10-28,400-425,32.9,35.1,26.5,19.4,0,ZQV6,96.1125,350-37514
2026-07-29,2026-10-28,425-450,6.9,8,4.4,2.5,0,ZQV6,96.1125,350-37514
2026-07-29,2026-12-09,350-375 (Current),9.3,8.2,13,23,0,ZQZ6,95.9800,350-3759
2026-07-29,2026-12-09,375-400,34.5,33,37.3,41.8,0,ZQZ6,95.9800,350-3759
2026-07-29,2026-12-09,400-425,37.5,38.3,34.8,27,1,ZQZ6,95.9800,350-3759
2026-07-29,2026-12-09,425-450,16.2,17.6,13.1,7.4,0,ZQZ6,95.9800,350-3759
2026-07-29,2026-12-09,450-475,2.5,2.9,1.7,0.7,0,ZQZ6,95.9800,350-3759
2026-07-29,2027-01-27,350-375 (Current),7.9,6.7,10.6,21.5,0,ZQF7,95.9475,350-3757
2026-07-29,2027-01-27,375-400,30.7,28.4,32.8,40.5,0,ZQF7,95.9475,350-3757
2026-07-29,2027-01-27,400-425,37.1,37.3,35.3,28,1,ZQF7,95.9475,350-3757
2026-07-29,2027-01-27,425-450,19.4,21.4,17.1,8.8,0,ZQF7,95.9475,350-3757
2026-07-29,2027-01-27,450-475,4.5,5.6,3.8,1.2,0,ZQF7,95.9475,350-3757
2026-07-29,2027-01-27,475-500,0.4,0.5,0.3,0.1,0,ZQF7,95.9475,350-3757
2026-07-29,2027-03-17,350-375 (Current),6.4,5.3,8.1,18.8,0,ZQH7,95.8925,350-3756
2026-07-29,2027-03-17,375-400,26.3,23.8,27.6,38.2,0,ZQH7,95.8925,350-3756
2026-07-29,2027-03-17,400-425,35.8,35.4,34.7,29.6,1,ZQH7,95.8925,350-3756
2026-07-29,2027-03-17,425-450,22.8,24.9,21.4,11.1,0,ZQH7,95.8925,350-3756
2026-07-29,2027-03-17,450-475,7.4,9,6.9,2.1,0,ZQH7,95.8925,350-3756
2026-07-29,2027-03-17,475-500,1.2,1.6,1.1,0.2,0,ZQH7,95.8925,350-3756
2026-07-29,2027-03-17,500-525,0.1,0.1,0.1,0,0,ZQH7,95.8925,350-3756
2026-07-29,2027-04-28,325-350,0,0,0,0.4,0,ZQJ7,95.8650,350-3755
2026-07-29,2027-04-28,350-375 (Current),5.8,4.8,7.4,19.3,0,ZQJ7,95.8650,350-3755
2026-07-29,2027-04-28,375-400,24.6,22.2,25.9,38,0,ZQJ7,95.8650,350-3755
2026-07-29,2027-04-28,400-425,35,34.4,34.1,29.2,1,ZQJ7,95.8650,350-3755
2026-07-29,2027-04-28,425-450,24,25.8,22.5,10.9,0,ZQJ7,95.8650,350-3755
2026-07-29,2027-04-28,450-475,8.7,10.3,8.2,2.1,0,ZQJ7,95.8650,350-3755
2026-07-29,2027-04-28,475-500,1.7,2.2,1.6,0.2,0,ZQJ7,95.8650,350-3755
2026-07-29,2027-04-28,500-525,0.2,0.2,0.2,0,0,ZQJ7,95.8650,350-3755
2026-07-29,2027-06-09,325-350,0.1,0.1,0.3,2.5,0,ZQM7,95.8475,350-3750
2026-07-29,2027-06-09,350-375 (Current),6.1,5.1,8.1,21.3,0,ZQM7,95.8475,350-3750
2026-07-29,2027-06-09,375-400,24.7,22.4,26.2,37,0,ZQM7,95.8475,350-3750
2026-07-29,2027-06-09,400-425,34.8,34.3,33.7,27.2,1,ZQM7,95.8475,350-3750
2026-07-29,2027-06-09,425-450,23.7,25.5,22,10,0,ZQM7,95.8475,350-3750
2026-07-29,2027-06-09,450-475,8.6,10.2,8,1.9,0,ZQM7,95.8475,350-3750
2026-07-29,2027-06-09,475-500,1.7,2.2,1.6,0.2,0,ZQM7,95.8475,350-3750
2026-07-29,2027-06-09,500-525,0.2,0.2,0.2,0,0,ZQM7,95.8475,350-3750
2026-07-29,2027-07-28,300-325,0,0,0,0.3,0,ZQN7,95.8500,350-3750
2026-07-29,2027-07-28,325-350,0.4,0.3,0.8,4.6,0,ZQN7,95.8500,350-3750
2026-07-29,2027-07-28,350-375 (Current),7.1,5.8,9.3,23,0,ZQN7,95.8500,350-3750
2026-07-29,2027-07-28,375-400,25.3,22.9,26.7,35.9,0,ZQN7,95.8500,350-3750
2026-07-29,2027-07-28,400-425,34.2,33.9,32.9,25.3,1,ZQN7,95.8500,350-3750
2026-07-29,2027-07-28,425-450,22.9,24.8,21.1,9.1,0,ZQN7,95.8500,350-3750
2026-07-29,2027-07-28,450-475,8.3,9.9,7.5,1.7,0,ZQN7,95.8500,350-3750
2026-07-29,2027-07-28,475-500,1.6,2.1,1.5,0.1,0,ZQN7,95.8500,350-3750
2026-07-29,2027-07-28,500-525,0.2,0.2,0.2,0,0,ZQN7,95.8500,350-3750
2026-07-29,2027-09-15,300-325,0.1,0,0,0,0,ZQU7,95.8800,350-3750
2026-07-29,2027-09-15,325-350,1.2,0,0,0,0,ZQU7,95.8800,350-3750
2026-07-29,2027-09-15,350-375 (Current),9.1,0,0,0,0,ZQU7,95.8800,350-3750
2026-07-29,2027-09-15,375-400,26.3,0,0,0,0,ZQU7,95.8800,350-3750
2026-07-29,2027-09-15,400-425,33,0,0,0,1,ZQU7,95.8800,350-3750
2026-07-29,2027-09-15,425-450,21.3,0,0,0,0,ZQU7,95.8800,350-3750
2026-07-29,2027-09-15,450-475,7.5,0,0,0,0,ZQU7,95.8800,350-3750
2026-07-29,2027-09-15,475-500,1.4,0,0,0,0,ZQU7,95.8800,350-3750
2026-07-29,2027-09-15,500-525,0.1,0,0,0,0,ZQU7,95.8800,350-3750
2026-07-30,2026-09-16,350-375 (Current),34.8,24,22.9,37.9,0,ZQU6,96.2875,350-37534
2026-07-30,2026-09-16,375-400,65.2,55.8,54.8,48.3,1,ZQU6,96.2875,350-37534
2026-07-30,2026-09-16,400-425,0,20.2,22.3,13.7,0,ZQU6,96.2875,350-37534
2026-07-30,2026-10-28,350-375 (Current),24.8,17.1,16.3,29.5,0,ZQV6,96.1975,350-37524
2026-07-30,2026-10-28,375-400,56.5,46.6,45.6,46,1,ZQV6,96.1975,350-37524
2026-07-30,2026-10-28,400-425,18.8,30.5,31.7,21.4,0,ZQV6,96.1975,350-37524
2026-07-30,2026-10-28,425-450,0,5.8,6.4,3,0,ZQV6,96.1975,350-37524
2026-07-30,2026-12-09,350-375 (Current),14.1,11,9.8,19.8,0,ZQZ6,96.0525,350-37514
2026-07-30,2026-12-09,375-400,42.8,36,34,40.6,1,ZQZ6,96.0525,350-37514
2026-07-30,2026-12-09,400-425,35,36.3,37.2,29.5,0,ZQZ6,96.0525,350-37514
2026-07-30,2026-12-09,425-450,8.1,14.7,16.4,9.1,0,ZQZ6,96.0525,350-37514
2026-07-30,2026-12-09,450-475,0,2.1,2.5,1,0,ZQZ6,96.0525,350-37514
2026-07-30,2027-01-27,350-375 (Current),10.9,9.2,8,18,0,ZQF7,96.0175,350-37510
2026-07-30,2027-01-27,375-400,36.2,32,29.6,38.7,0,ZQF7,96.0175,350-37510
2026-07-30,2027-01-27,400-425,36.8,36.2,36.6,30.5,1,ZQF7,96.0175,350-37510
2026-07-30,2027-01-27,425-450,14.3,18.1,20.2,10.9,0,ZQF7,96.0175,350-37510
2026-07-30,2027-01-27,450-475,1.9,4.1,5.1,1.7,0,ZQF7,96.0175,350-37510
2026-07-30,2027-01-27,475-500,0,0.3,0.5,0.1,0,ZQF7,96.0175,350-37510
2026-07-30,2027-03-17,350-375 (Current),7.5,7.4,6.2,15.8,0,ZQH7,95.9325,350-3757
2026-07-30,2027-03-17,375-400,28.3,27.6,24.5,36.2,0,ZQH7,95.9325,350-3757
2026-07-30,2027-03-17,400-425,36.6,35.4,35,31.5,1,ZQH7,95.9325,350-3757
2026-07-30,2027-03-17,425-450,21.3,21.7,24.1,13.3,0,ZQH7,95.9325,350-3757
2026-07-30,2027-03-17,450-475,5.7,6.8,8.6,2.9,0,ZQH7,95.9325,350-3757
2026-07-30,2027-03-17,475-500,0.6,1.1,1.6,0.3,0,ZQH7,95.9325,350-3757
2026-07-30,2027-03-17,500-525,0,0.1,0.1,0,0,ZQH7,95.9325,350-3757
2026-07-30,2027-04-28,325-350,0,0,0,0.3,0,ZQJ7,95.8875,350-3756
2026-07-30,2027-04-28,350-375 (Current),6.5,6.8,5.6,16.3,0,ZQJ7,95.8875,350-3756
2026-07-30,2027-04-28,375-400,25.7,25.8,22.9,36.1,0,ZQJ7,95.8875,350-3756
2026-07-30,2027-04-28,400-425,35.5,34.7,34.1,31.1,1,ZQJ7,95.8875,350-3756
2026-07-30,2027-04-28,425-450,23.2,22.8,25,13.1,0,ZQJ7,95.8875,350-3756
2026-07-30,2027-04-28,450-475,7.7,8.1,10,2.8,0,ZQJ7,95.8875,350-3756
2026-07-30,2027-04-28,475-500,1.2,1.6,2.2,0.3,0,ZQJ7,95.8875,350-3756
2026-07-30,2027-04-28,500-525,0.1,0.2,0.2,0,0,ZQJ7,95.8875,350-3756
2026-07-30,2027-06-09,325-350,0,0.1,0.1,2,0,ZQM7,95.8475,350-3756
2026-07-30,2027-06-09,350-375 (Current),6.2,7.1,5.9,18.4,0,ZQM7,95.8475,350-3756
2026-07-30,2027-06-09,375-400,24.7,26,23.1,35.6,0,ZQM7,95.8475,350-3756
2026-07-30,2027-06-09,400-425,35,34.5,33.9,29.2,1,ZQM7,95.8475,350-3756
2026-07-30,2027-06-09,425-450,23.9,22.6,24.8,12,0,ZQM7,95.8475,350-3756
2026-07-30,2027-06-09,450-475,8.5,8,9.9,2.5,0,ZQM7,95.8475,350-3756
2026-07-30,2027-06-09,475-500,1.6,1.5,2.1,0.3,0,ZQM7,95.8475,350-3756
2026-07-30,2027-06-09,500-525,0.1,0.1,0.2,0,0,ZQM7,95.8475,350-3756
2026-07-30,2027-07-28,300-325,0,0,0,0.3,0,ZQN7,95.8450,350-3750
2026-07-30,2027-07-28,325-350,0.1,0.4,0.5,4.2,0,ZQN7,95.8450,350-3750
2026-07-30,2027-07-28,350-375 (Current),6.6,7.9,7,20.7,0,ZQN7,95.8450,350-3750
2026-07-30,2027-07-28,375-400,24.9,26.4,23.8,34.7,0,ZQN7,95.8450,350-3750
2026-07-30,2027-07-28,400-425,34.8,34,33.3,26.9,1,ZQN7,95.8450,350-3750
2026-07-30,2027-07-28,425-450,23.5,22,23.8,10.7,0,ZQN7,95.8450,350-3750
2026-07-30,2027-07-28,450-475,8.4,7.7,9.3,2.2,0,ZQN7,95.8450,350-3750
2026-07-30,2027-07-28,475-500,1.5,1.5,2,0.2,0,ZQN7,95.8450,350-3750
2026-07-30,2027-07-28,500-525,0.1,0.1,0.2,0,0,ZQN7,95.8450,350-3750
2026-07-30,2027-09-15,325-350,0.7,0,0,0,0,ZQU7,95.8625,350-3750
2026-07-30,2027-09-15,350-375 (Current),8.3,0,0,0,0,ZQU7,95.8625,350-3750
2026-07-30,2027-09-15,375-400,25.8,0,0,0,0,ZQU7,95.8625,350-3750
2026-07-30,2027-09-15,400-425,33.8,0,0,0,1,ZQU7,95.8625,350-3750
2026-07-30,2027-09-15,425-450,22.2,0,0,0,0,ZQU7,95.8625,350-3750
2026-07-30,2027-09-15,450-475,7.8,0,0,0,0,ZQU7,95.8625,350-3750
2026-07-30,2027-09-15,475-500,1.4,0,0,0,0,ZQU7,95.8625,350-3750
2026-07-30,2027-09-15,500-525,0.1,0,0,0,0,ZQU7,95.8625,350-3750
2026-07-30,2027-10-27,300-325,0.1,0,0,0,0,ZQV7,95.8750,350-3750
2026-07-30,2027-10-27,325-350,1.2,0,0,0,0,ZQV7,95.8750,350-3750
2026-07-30,2027-10-27,350-375 (Current),9.5,0,0,0,0,ZQV7,95.8750,350-3750
2026-07-30,2027-10-27,375-400,26.3,0,0,0,0,ZQV7,95.8750,350-3750
2026-07-30,2027-10-27,400-425,33,0,0,0,1,ZQV7,95.8750,350-3750
2026-07-30,2027-10-27,425-450,21.2,0,0,0,0,ZQV7,95.8750,350-3750
2026-07-30,2027-10-27,450-475,7.3,0,0,0,0,ZQV7,95.8750,350-3750
2026-07-30,2027-10-27,475-500,1.3,0,0,0,0,ZQV7,95.8750,350-3750
2026-07-30,2027-10-27,500-525,0.1,0,0,0,0,ZQV7,95.8750,350-3750
2026-08-06,2026-09-16,350-375 (Current),43.5,45.6,36.6,42.9,0,ZQU6,96.2975,350-37543
2026-08-06,2026-09-16,375-400,56.5,54.4,63.4,46.2,1,ZQU6,96.2975,350-37543
2026-08-06,2026-09-16,400-425,0,0,0,10.8,0,ZQU6,96.2975,350-37543
2026-08-06,2026-10-28,350-375 (Current),30,33.5,26.9,35.3,0,ZQV6,96.2175,350-37530
2026-08-06,2026-10-28,375-400,52.5,52.1,56.3,45.7,1,ZQV6,96.2175,350-37530
2026-08-06,2026-10-28,400-425,17.5,14.5,16.9,17.1,0,ZQV6,96.2175,350-37530
2026-08-06,2026-10-28,425-450,0,0,0,1.9,0,ZQV6,96.2175,350-37530
2026-08-06,2026-12-09,350-375 (Current),15.7,19.9,16.7,23.8,0,ZQZ6,96.0600,350-37515
2026-08-06,2026-12-09,375-400,41.7,44.5,45.2,42.3,1,ZQZ6,96.0600,350-37515
2026-08-06,2026-12-09,400-425,34.2,29.7,31.7,26.4,0,ZQZ6,96.0600,350-37515
2026-08-06,2026-12-09,425-450,8.4,5.9,6.3,6.9,0,ZQZ6,96.0600,350-37515
2026-08-06,2026-12-09,450-475,0,0,0,0.6,0,ZQZ6,96.0600,350-37515
2026-08-06,2027-01-27,350-375 (Current),13,17.6,13.7,21.1,0,ZQF7,96.0225,350-37513
2026-08-06,2027-01-27,375-400,37.3,41.7,40,40.2,1,ZQF7,96.0225,350-37513
2026-08-06,2027-01-27,400-425,35.5,31.4,34.2,28.2,0,ZQF7,96.0225,350-37513
2026-08-06,2027-01-27,425-450,12.8,8.6,11,9.1,0,ZQF7,96.0225,350-37513
2026-08-06,2027-01-27,450-475,1.4,0.7,1.2,1.3,0,ZQF7,96.0225,350-37513
2026-08-06,2027-01-27,475-500,0,0,0,0.1,0,ZQF7,96.0225,350-37513
2026-08-06,2027-03-17,350-375 (Current),9.3,13.4,10.2,17.3,0,ZQH7,95.9525,350-3759
2026-08-06,2027-03-17,375-400,30.4,36,33.3,36.8,0,ZQH7,95.9525,350-3759
2026-08-06,2027-03-17,400-425,36,33.8,35.6,30.4,1,ZQH7,95.9525,350-3759
2026-08-06,2027-03-17,425-450,19.3,14,16.9,12.5,0,ZQH7,95.9525,350-3759
2026-08-06,2027-03-17,450-475,4.7,2.6,3.7,2.7,0,ZQH7,95.9525,350-3759
2026-08-06,2027-03-17,475-500,0.4,0.2,0.3,0.3,0,ZQH7,95.9525,350-3759
2026-08-06,2027-04-28,350-375 (Current),8.5,12.9,9.1,17,0,ZQJ7,95.9125,350-3758
2026-08-06,2027-04-28,375-400,28.5,35,30.9,36.3,0,ZQJ7,95.9125,350-3758
2026-08-06,2027-04-28,400-425,35.5,33.9,35.4,30.5,1,ZQJ7,95.9125,350-3758
2026-08-06,2027-04-28,425-450,20.7,14.9,18.9,12.9,0,ZQJ7,95.9125,350-3758
2026-08-06,2027-04-28,450-475,5.9,3,5.1,2.9,0,ZQJ7,95.9125,350-3758
2026-08-06,2027-04-28,475-500,0.8,0.3,0.7,0.4,0,ZQJ7,95.9125,350-3758
2026-08-06,2027-06-09,325-350,0,0,0,1.5,0,ZQM7,95.8825,350-3758
2026-08-06,2027-06-09,350-375 (Current),8,12.6,8.9,18.6,0,ZQM7,95.8825,350-3758
2026-08-06,2027-06-09,375-400,27.3,34.5,30.3,35.8,0,ZQM7,95.8825,350-3758
2026-08-06,2027-06-09,400-425,35.1,34,35.3,29,1,ZQM7,95.8825,350-3758
2026-08-06,2027-06-09,425-450,21.6,15.3,19.3,12,0,ZQM7,95.8825,350-3758
2026-08-06,2027-06-09,450-475,6.9,3.3,5.4,2.7,0,ZQM7,95.8825,350-3758
2026-08-06,2027-06-09,475-500,1.1,0.3,0.8,0.3,0,ZQM7,95.8825,350-3758
2026-08-06,2027-06-09,500-525,0.1,0,0,0,0,ZQM7,95.8825,350-3758
2026-08-06,2027-07-28,300-325,0,0,0,0.2,0,ZQN7,95.8775,350-3750
2026-08-06,2027-07-28,325-350,0.3,0.6,0.4,3.8,0,ZQN7,95.8775,350-3750
2026-08-06,2027-07-28,350-375 (Current),8.6,13.5,9.8,20.9,0,ZQN7,95.8775,350-3750
2026-08-06,2027-07-28,375-400,27.5,34.5,30.5,34.9,0,ZQN7,95.8775,350-3750
2026-08-06,2027-07-28,400-425,34.6,33.1,34.6,26.7,1,ZQN7,95.8775,350-3750
2026-08-06,2027-07-28,425-450,21.2,14.8,18.7,10.8,0,ZQN7,95.8775,350-3750
2026-08-06,2027-07-28,450-475,6.7,3.2,5.2,2.4,0,ZQN7,95.8775,350-3750
2026-08-06,2027-07-28,475-500,1.1,0.3,0.7,0.3,0,ZQN7,95.8775,350-3750
2026-08-06,2027-07-28,500-525,0.1,0,0,0,0,ZQN7,95.8775,350-3750
2026-08-06,2027-09-15,300-325,0,0.1,0,0,0,ZQU7,95.8950,350-3750
2026-08-06,2027-09-15,325-350,0.9,2.1,1.2,0,0,ZQU7,95.8950,350-3750
2026-08-06,2027-09-15,350-375 (Current),10.1,16,11.5,0,0,ZQU7,95.8950,350-3750
2026-08-06,2027-09-15,375-400,28.1,34.3,30.9,0,0,ZQU7,95.8950,350-3750
2026-08-06,2027-09-15,400-425,33.6,30.9,33.3,0,1,ZQU7,95.8950,350-3750
2026-08-06,2027-09-15,425-450,20,13.4,17.6,0,0,ZQU7,95.8950,350-3750
2026-08-06,2027-09-15,450-475,6.2,2.9,4.8,0,0,ZQU7,95.8950,350-3750
2026-08-06,2027-09-15,475-500,1,0.3,0.7,0,0,ZQU7,95.8950,350-3750
2026-08-06,2027-09-15,500-525,0.1,0,0,0,0,ZQU7,95.8950,350-3750
2026-08-06,2027-10-27,300-325,0.1,0,0,0,0,ZQV7,95.9075,350-3750
2026-08-06,2027-10-27,325-350,1.7,0,0,0,0,ZQV7,95.9075,350-3750
2026-08-06,2027-10-27,350-375 (Current),11.6,0,0,0,0,ZQV7,95.9075,350-3750
2026-08-06,2027-10-27,375-400,28.5,0,0,0,0,ZQV7,95.9075,350-3750
2026-08-06,2027-10-27,400-425,32.5,0,0,0,1,ZQV7,95.9075,350-3750
2026-08-06,2027-10-27,425-450,18.9,0,0,0,0,ZQV7,95.9075,350-3750
2026-08-06,2027-10-27,450-475,5.8,0,0,0,0,ZQV7,95.9075,350-3750
2026-08-06,2027-10-27,475-500,0.9,0,0,0,0,ZQV7,95.9075,350-3750
2026-08-06,2027-10-27,500-525,0.1,0,0,0,0,ZQV7,95.9075,350-3750
2026-08-09,2026-09-16,350-375 (Current),57,55.6,33,37.7,1,ZQU6,96.3175,350-37557
2026-08-09,2026-09-16,375-400,43,44.4,67,50,0,ZQU6,96.3175,350-37557
2026-08-09,2026-09-16,400-425,0,0,0,12.3,0,ZQU6,96.3175,350-37557
2026-08-09,2026-09-16,350-375 (Current),57,55.6,33,37.7,1,ZQU6,96.3175,350-37557
2026-08-09,2026-09-16,375-400,43,44.4,67,50,0,ZQU6,96.3175,350-37557
2026-08-09,2026-09-16,400-425,0,0,0,12.3,0,ZQU6,96.3175,350-37557
2026-08-09,2026-09-16,350-375 (Current),57,55.6,33,37.7,1,ZQU6,96.3175,350-37557
2026-08-09,2026-09-16,375-400,43,44.4,67,50,0,ZQU6,96.3175,350-37557
2026-08-09,2026-09-16,400-425,0,0,0,12.3,0,ZQU6,96.3175,350-37557
2026-08-09,2027-01-27,325-350,4.4,0,0,0,0,ZQF7,96.0800,350-3754
2026-08-09,2027-01-27,350-375 (Current),26.2,19.2,9.1,16.1,0,ZQF7,96.0800,350-3754
2026-08-09,2027-01-27,375-400,41.3,41,33.5,37.8,1,ZQF7,96.0800,350-3754
2026-08-09,2027-01-27,400-425,23.9,30.2,38.3,31.9,0,ZQF7,96.0800,350-3754
2026-08-09,2027-01-27,425-450,4.3,8.8,16.7,12,0,ZQF7,96.0800,350-3754
2026-08-09,2027-01-27,450-475,0,0.8,2.5,2.1,0,ZQF7,96.0800,350-3754
2026-08-09,2027-01-27,475-500,0,0,0,0.1,0,ZQF7,96.0800,350-3754
2026-08-09,2027-03-17,325-350,1.9,0,0,0,0,ZQH7,96.0100,350-3751
2026-08-09,2027-03-17,350-375 (Current),13.8,14.3,6.2,13.2,0,ZQH7,96.0100,350-3751
2026-08-09,2027-03-17,375-400,32.7,35.5,25.9,34,0,ZQH7,96.0100,350-3751
2026-08-09,2027-03-17,400-425,33.7,32.9,36.8,32.9,1,ZQH7,96.0100,350-3751
2026-08-09,2027-03-17,425-450,15.4,14.2,23.4,15.5,0,ZQH7,96.0100,350-3751
2026-08-09,2027-03-17,450-475,2.4,2.8,6.9,3.8,0,ZQH7,96.0100,350-3751
2026-08-09,2027-03-17,475-500,0,0.2,0.8,0.5,0,ZQH7,96.0100,350-3751
2026-08-09,2027-04-28,325-350,1.5,0,0,0,0,ZQJ7,95.9800,350-3751
2026-08-09,2027-04-28,350-375 (Current),11.4,13.1,5.4,12.6,0,ZQJ7,95.9800,350-3751
2026-08-09,2027-04-28,375-400,28.9,33.7,23.4,33.1,0,ZQJ7,95.9800,350-3751
2026-08-09,2027-04-28,400-425,33.5,33.2,35.4,33,1,ZQJ7,95.9800,350-3751
2026-08-09,2027-04-28,425-450,19.1,15.8,25.1,16.3,0,ZQJ7,95.9800,350-3751
2026-08-09,2027-04-28,450-475,5.1,3.8,9,4.3,0,ZQJ7,95.9800,350-3751
2026-08-09,2027-04-28,475-500,0.5,0.4,1.6,0.6,0,ZQJ7,95.9800,350-3751
2026-08-09,2027-04-28,500-525,0,0,0.1,0,0,ZQJ7,95.9800,350-3751
2026-08-09,2027-06-09,300-325,0.1,0,0,0,0,ZQM7,95.8875,350-3750
2026-08-09,2027-06-09,325-350,2,0,0,0.9,0,ZQM7,95.8875,350-3750
2026-08-09,2027-06-09,350-375 (Current),12.3,12.3,5.2,14.1,0,ZQM7,95.8875,350-3750
2026-08-09,2027-06-09,375-400,29.1,32.4,22.6,33.1,0,ZQM7,95.8875,350-3750
2026-08-09,2027-06-09,400-425,32.8,33.2,34.9,31.8,1,ZQM7,95.8875,350-3750
2026-08-09,2027-06-09,425-450,18.4,16.9,25.6,15.4,0,ZQM7,95.8875,350-3750
2026-08-09,2027-06-09,450-475,4.9,4.6,9.7,4.1,0,ZQM7,95.8875,350-3750
2026-08-09,2027-06-09,475-500,0.5,0.6,1.9,0.6,0,ZQM7,95.8875,350-3750
2026-08-09,2027-06-09,500-525,0,0,0.2,0,0,ZQM7,95.8875,350-3750
2026-08-09,2027-07-28,300-325,0.1,0,0,0.1,0,ZQN7,95.9450,350-3750
2026-08-09,2027-07-28,325-350,2,0.3,0.1,2.1,0,ZQN7,95.9450,350-3750
2026-08-09,2027-07-28,350-375 (Current),12.3,12.7,5.6,15.8,0,ZQN7,95.9450,350-3750
2026-08-09,2027-07-28,375-400,29.1,32.4,22.9,33,0,ZQN7,95.9450,350-3750
2026-08-09,2027-07-28,400-425,32.8,32.8,34.7,30.3,1,ZQN7,95.9450,350-3750
2026-08-09,2027-07-28,425-450,18.4,16.6,25.2,14.4,0,ZQN7,95.9450,350-3750
2026-08-09,2027-07-28,450-475,4.9,4.5,9.5,3.8,0,ZQN7,95.9450,350-3750
2026-08-09,2027-07-28,475-500,0.5,0.6,1.8,0.5,0,ZQN7,95.9450,350-3750
2026-08-09,2027-07-28,500-525,0,0,0.2,0,0,ZQN7,95.9450,350-3750
2026-08-09,2027-09-15,300-325,0.2,0,0,0,0,ZQU7,95.9550,350-3750
2026-08-09,2027-09-15,325-350,2.7,1.3,0.6,0,0,ZQU7,95.9550,350-3750
2026-08-09,2027-09-15,350-375 (Current),13.5,14.3,7,0,0,ZQU7,95.9550,350-3750
2026-08-09,2027-09-15,375-400,29.4,32.4,23.8,0,0,ZQU7,95.9550,350-3750
2026-08-09,2027-09-15,400-425,31.8,31.5,33.9,0,1,ZQU7,95.9550,350-3750
2026-08-09,2027-09-15,425-450,17.4,15.6,24,0,0,ZQU7,95.9550,350-3750
2026-08-09,2027-09-15,450-475,4.5,4.2,8.9,0,0,ZQU7,95.9550,350-3750
2026-08-09,2027-09-15,475-500,0.4,0.6,1.7,0,0,ZQU7,95.9550,350-3750
2026-08-09,2027-09-15,500-525,0,0,0.1,0,0,ZQU7,95.9550,350-3750
2026-08-09,2027-10-27,300-325,0.4,0,0,0,0,ZQV7,95.9650,350-3750
2026-08-09,2027-10-27,325-350,3.5,0,0,0,0,ZQV7,95.9650,350-3750
2026-08-09,2027-10-27,350-375 (Current),14.6,0,0,0,0,ZQV7,95.9650,350-3750
2026-08-09,2027-10-27,375-400,29.5,0,0,0,0,ZQV7,95.9650,350-3750
2026-08-09,2027-10-27,400-425,30.8,0,0,0,1,ZQV7,95.9650,350-3750
2026-08-09,2027-10-27,425-450,16.6,0,0,0,0,ZQV7,95.9650,350-3750
2026-08-09,2027-10-27,450-475,4.3,0,0,0,0,ZQV7,95.9650,350-3750
2026-08-09,2027-10-27,475-500,0.4,0,0,0,0,ZQV7,95.9650,350-3750
2026-08-16,2026-09-16,350-375 (Current),67.5,66.9,55.6,47.6,1,ZQU6,96.3325,350-37567
2026-08-16,2026-09-16,375-400,32.5,33.1,44.4,47,0,ZQU6,96.3325,350-37567
2026-08-16,2026-09-16,400-425,0,0,0,5.4,0,ZQU6,96.3325,350-37567
2026-08-16,2026-10-28,350-375 (Current),53.3,53.6,40.8,38.1,1,ZQV6,96.2825,350-37553
2026-08-16,2026-10-28,375-400,39.8,39.8,47.4,47.1,0,ZQV6,96.2825,350-37553
2026-08-16,2026-10-28,400-425,6.8,6.6,11.8,13.7,0,ZQV6,96.2825,350-37553
2026-08-16,2026-10-28,425-450,0,0,0,1.1,0,ZQV6,96.2825,350-37553
2026-08-16,2026-12-09,350-375 (Current),34.3,32.4,22.9,25.9,0,ZQZ6,96.1500,350-37534
2026-08-16,2026-12-09,375-400,44.6,45.3,44.5,44.2,1,ZQZ6,96.1500,350-37534
2026-08-16,2026-12-09,400-425,18.6,19.8,27.4,24.4,0,ZQZ6,96.1500,350-37534
2026-08-16,2026-12-09,425-450,2.4,2.6,5.2,5.1,0,ZQZ6,96.1500,350-37534
2026-08-16,2026-12-09,450-475,0,0,0,0.3,0,ZQZ6,96.1500,350-37534
2026-09-01,2026-09-16,350-375 (Current),31.7,34.6,60.4,33,0,ZQU6,96.2913,350-37531
2026-09-01,2026-09-16,375-400,68.3,65.4,39.6,67,1,ZQU6,96.2913,350-37531
2026-09-01,2026-10-28,350-375 (Current),22.9,25.4,45.7,22.8,0,ZQV6,96.1925,350-37522
2026-09-01,2026-10-28,375-400,58.2,57.2,44.7,56.5,1,ZQV6,96.1925,350-37522
2026-09-01,2026-10-28,400-425,18.9,17.4,9.7,20.8,0,ZQV6,96.1925,350-37522
2026-09-19,2026-10-28,350-375,0,0,6.5,53.6,0,ZQV6,96.1050,375-40042
2026-09-19,2026-10-28,375-400 (Current),42.4,44.6,51,39.8,0,ZQV6,96.1050,375-40042
2026-09-19,2026-10-28,400-425,57.6,55.4,42.5,6.6,1,ZQV6,96.1050,375-40042
2026-09-19,2026-12-09,350-375,0,0,2.3,32.4,0,ZQZ6,95.8350,375-4009
2026-09-19,2026-12-09,375-400 (Current),9.9,11,22.1,45.3,0,ZQZ6,95.8350,375-4009
2026-09-19,2026-12-09,400-425,46,47.3,48,19.8,1,ZQZ6,95.8350,375-4009
2026-09-19,2026-12-09,425-450,44.1,41.7,27.6,2.6,0,ZQZ6,95.8350,375-4009
2026-09-19,2027-01-27,350-375,0,0,1.4,26.4,0,ZQF7,95.7700,375-4005
2026-09-19,2027-01-27,375-400 (Current),5.8,7,14.4,42.9,0,ZQF7,95.7700,375-4005
2026-09-19,2027-01-27,400-425,31.1,34,37.9,24.4,0,ZQF7,95.7700,375-4005
2026-09-19,2027-01-27,425-450,44.9,43.7,35.6,5.8,1,ZQF7,95.7700,375-4005
2026-09-19,2027-01-27,450-475,18.2,15.3,10.8,0.5,0,ZQF7,95.7700,375-4005
2026-09-19,2027-03-17,350-375,0,0,0.6,20.3,0,ZQH7,95.6000,375-4002
2026-09-19,2027-03-17,375-400 (Current),2,2.5,6.8,39.1,0,ZQH7,95.6000,375-4002
2026-09-19,2027-03-17,400-425,14.4,16.6,24.2,28.7,0,ZQH7,95.6000,375-4002
2026-09-19,2027-03-17,425-450,35.8,37.5,36.9,10.1,1,ZQH7,95.6000,375-4002
2026-09-19,2027-03-17,450-475,35.8,33.6,25.2,1.7,1,ZQH7,95.6000,375-4002
2026-09-19,2027-03-17,475-500,12,9.8,6.3,0.1,0,ZQH7,95.6000,375-4002
2026-09-19,2027-04-28,350-375,0,0,0.4,18.1,0,ZQJ7,95.5100,375-4001
2026-09-19,2027-04-28,375-400 (Current),1.4,1.9,5.1,37,0,ZQJ7,95.5100,375-4001
2026-09-19,2027-04-28,400-425,10.7,13,19.4,29.8,0,ZQJ7,95.5100,375-4001
2026-09-19,2027-04-28,425-450,29.4,32.1,33.4,12.1,0,ZQJ7,95.5100,375-4001
2026-09-19,2027-04-28,450-475,35.8,34.6,28.5,2.6,1,ZQJ7,95.5100,375-4001
2026-09-19,2027-04-28,475-500,19.2,15.9,11.5,0.3,0,ZQJ7,95.5100,375-4001
2026-09-19,2027-04-28,500-525,3.6,2.5,1.7,0,0,ZQJ7,95.5100,375-4001
2026-09-19,2027-06-09,350-375,0,0,0.3,16.3,0,ZQM7,95.3850,375-4000
2026-09-19,2027-06-09,375-400 (Current),0.9,1.3,3.6,35.2,0,ZQM7,95.3850,375-4000
2026-09-19,2027-06-09,400-425,7.6,9.7,14.9,30.6,0,ZQM7,95.3850,375-4000
2026-09-19,2027-06-09,425-450,23.2,26.5,29,13.9,0,ZQM7,95.3850,375-4000
2026-09-19,2027-06-09,450-475,33.7,33.8,30,3.6,1,ZQM7,95.3850,375-4000
2026-09-19,2027-06-09,475-500,24.7,21.5,16.8,0.5,0,ZQM7,95.3850,375-4000
2026-09-19,2027-06-09,500-525,8.8,6.5,4.8,0,0,ZQM7,95.3850,375-4000
2026-09-19,2027-06-09,525-550,1.2,0.7,0.5,0,0,ZQM7,95.3850,375-4000
2026-09-19,2027-07-28,350-375,0,0,0.3,16.3,0,ZQN7,95.3550,375-4000
2026-09-19,2027-07-28,375-400 (Current),0.8,1.2,3.3,35.2,0,ZQN7,95.3550,375-4000
2026-09-19,2027-07-28,400-425,7,9.3,13.7,30.6,0,ZQN7,95.3550,375-4000
2026-09-19,2027-07-28,425-450,21.8,25.7,27.5,13.9,0,ZQN7,95.3550,375-4000
2026-09-19,2027-07-28,450-475,32.7,33.5,29.9,3.6,1,ZQN7,95.3550,375-4000
2026-09-19,2027-07-28,475-500,25.5,22,18.2,0.5,0,ZQN7,95.3550,375-4000
2026-09-19,2027-07-28,500-525,10.2,7.2,6.1,0,0,ZQN7,95.3550,375-4000
2026-09-19,2027-07-28,525-550,1.9,1,1,0,0,ZQN7,95.3550,375-4000
2026-09-19,2027-07-28,550-575,0.1,0,0.1,0,0,ZQN7,95.3550,375-4000
2026-09-19,2027-09-15,350-375,0,0,0.2,16.3,0,ZQU7,95.3250,375-4000
2026-09-19,2027-09-15,375-400 (Current),0.8,1.2,3,35.2,0,ZQU7,95.3250,375-4000
2026-09-19,2027-09-15,400-425,6.6,9,12.9,30.6,0,ZQU7,95.3250,375-4000
2026-09-19,2027-09-15,425-450,20.8,25,26.4,13.9,0,ZQU7,95.3250,375-4000
2026-09-19,2027-09-15,450-475,32,33.2,29.7,3.6,1,ZQU7,95.3250,375-4000
2026-09-19,2027-09-15,475-500,26,22.5,19.2,0.5,0,ZQU7,95.3250,375-4000
2026-09-19,2027-09-15,500-525,11.2,7.8,7.1,0,0,ZQU7,95.3250,375-4000
2026-09-19,2027-09-15,525-550,2.4,1.3,1.4,0,0,ZQU7,95.3250,375-4000
2026-09-19,2027-09-15,550-575,0.2,0.1,0.1,0,0,ZQU7,95.3250,375-4000
2026-09-19,2027-10-27,350-375,0,0.1,0,0,0,ZQV7,95.3200,375-4001
2026-09-19,2027-10-27,375-400 (Current),1.1,1.5,0,0,0,ZQV7,95.3200,375-4001
2026-09-19,2027-10-27,400-425,7.2,9.7,0,0,0,ZQV7,95.3200,375-4001
2026-09-19,2027-10-27,425-450,21.3,25.3,0,0,0,ZQV7,95.3200,375-4001
2026-09-19,2027-10-27,450-475,31.7,32.7,0,0,1,ZQV7,95.3200,375-4001
2026-09-19,2027-10-27,475-500,25.3,21.9,0,0,0,ZQV7,95.3200,375-4001
2026-09-19,2027-10-27,500-525,10.8,7.5,0,0,0,ZQV7,95.3200,375-4001
2026-09-19,2027-10-27,525-550,2.3,1.2,0,0,0,ZQV7,95.3200,375-4001
2026-09-19,2027-10-27,550-575,0.2,0.1,0,0,0,ZQV7,95.3200,375-4001
2026-09-19,2027-12-08,350-375,0.1,0,0,0,0,ZQZ7,95.3500,375-4000
2026-09-19,2027-12-08,375-400 (Current),1.7,0,0,0,0,ZQZ7,95.3500,375-4000
2026-09-19,2027-12-08,400-425,8.8,0,0,0,0,ZQZ7,95.3500,375-4000
2026-09-19,2027-12-08,425-450,22.4,0,0,0,0,ZQZ7,95.3500,375-4000
2026-09-19,2027-12-08,450-475,31,0,0,0,1,ZQZ7,95.3500,375-4000
2026-09-19,2027-12-08,475-500,23.7,0,0,0,0,ZQZ7,95.3500,375-4000
2026-09-19,2027-12-08,500-525,9.9,0,0,0,0,ZQZ7,95.3500,375-4000
2026-09-19,2027-12-08,525-550,2.1,0,0,0,0,ZQZ7,95.3500,375-4000
2026-09-19,2027-12-08,550-575,0.2,0,0,0,0,ZQZ7,95.3500,375-4000
2026-09-19,2026-10-28,350-375,0,0,6.5,53.6,0,ZQV6,96.1050,375-40042
2026-09-19,2026-10-28,375-400 (Current),42.4,44.6,51,39.8,0,ZQV6,96.1050,375-40042
2026-09-19,2026-10-28,400-425,57.6,55.4,42.5,6.6,1,ZQV6,96.1050,375-40042
2026-09-19,2026-12-09,350-375,0,0,2.3,32.4,0,ZQZ6,95.8350,375-4009
2026-09-19,2026-12-09,375-400 (Current),9.9,11,22.1,45.3,0,ZQZ6,95.8350,375-4009
2026-09-19,2026-12-09,400-425,46,47.3,48,19.8,1,ZQZ6,95.8350,375-4009
2026-09-19,2026-12-09,425-450,44.1,41.7,27.6,2.6,0,ZQZ6,95.8350,375-4009
2026-09-19,2027-01-27,350-375,0,0,1.4,26.4,0,ZQF7,95.7700,375-4005
2026-09-19,2027-01-27,375-400 (Current),5.8,7,14.4,42.9,0,ZQF7,95.7700,375-4005
2026-09-19,2027-01-27,400-425,31.1,34,37.9,24.4,0,ZQF7,95.7700,375-4005
2026-09-19,2027-01-27,425-450,44.9,43.7,35.6,5.8,1,ZQF7,95.7700,375-4005
2026-09-19,2027-01-27,450-475,18.2,15.3,10.8,0.5,0,ZQF7,95.7700,375-4005
2026-09-19,2027-03-17,350-375,0,0,0.6,20.3,0,ZQH7,95.6000,375-4002
2026-09-19,2027-03-17,375-400 (Current),2,2.5,6.8,39.1,0,ZQH7,95.6000,375-4002
2026-09-19,2027-03-17,400-425,14.4,16.6,24.2,28.7,0,ZQH7,95.6000,375-4002
2026-09-19,2027-03-17,425-450,35.8,37.5,36.9,10.1,1,ZQH7,95.6000,375-4002
2026-09-19,2027-03-17,450-475,35.8,33.6,25.2,1.7,1,ZQH7,95.6000,375-4002
2026-09-19,2027-03-17,475-500,12,9.8,6.3,0.1,0,ZQH7,95.6000,375-4002
2026-09-19,2027-04-28,350-375,0,0,0.4,18.1,0,ZQJ7,95.5100,375-4001
2026-09-19,2027-04-28,375-400 (Current),1.4,1.9,5.1,37,0,ZQJ7,95.5100,375-4001
2026-09-19,2027-04-28,400-425,10.7,13,19.4,29.8,0,ZQJ7,95.5100,375-4001
2026-09-19,2027-04-28,425-450,29.4,32.1,33.4,12.1,0,ZQJ7,95.5100,375-4001
2026-09-19,2027-04-28,450-475,35.8,34.6,28.5,2.6,1,ZQJ7,95.5100,375-4001
2026-09-19,2027-04-28,475-500,19.2,15.9,11.5,0.3,0,ZQJ7,95.5100,375-4001
2026-09-19,2027-04-28,500-525,3.6,2.5,1.7,0,0,ZQJ7,95.5100,375-4001
2026-09-19,2027-06-09,350-375,0,0,0.3,16.3,0,ZQM7,95.3850,375-4000
2026-09-19,2027-06-09,375-400 (Current),0.9,1.3,3.6,35.2,0,ZQM7,95.3850,375-4000
2026-09-19,2027-06-09,400-425,7.6,9.7,14.9,30.6,0,ZQM7,95.3850,375-4000
2026-09-19,2027-06-09,425-450,23.2,26.5,29,13.9,0,ZQM7,95.3850,375-4000
2026-09-19,2027-06-09,450-475,33.7,33.8,30,3.6,1,ZQM7,95.3850,375-4000
2026-09-19,2027-06-09,475-500,24.7,21.5,16.8,0.5,0,ZQM7,95.3850,375-4000
2026-09-19,2027-06-09,500-525,8.8,6.5,4.8,0,0,ZQM7,95.3850,375-4000
2026-09-19,2027-06-09,525-550,1.2,0.7,0.5,0,0,ZQM7,95.3850,375-4000
2026-09-19,2027-07-28,350-375,0,0,0.3,16.3,0,ZQN7,95.3550,375-4000
2026-09-19,2027-07-28,375-400 (Current),0.8,1.2,3.3,35.2,0,ZQN7,95.3550,375-4000
2026-09-19,2027-07-28,400-425,7,9.3,13.7,30.6,0,ZQN7,95.3550,375-4000
2026-09-19,2027-07-28,425-450,21.8,25.7,27.5,13.9,0,ZQN7,95.3550,375-4000
2026-09-19,2027-07-28,450-475,32.7,33.5,29.9,3.6,1,ZQN7,95.3550,375-4000
2026-09-19,2027-07-28,475-500,25.5,22,18.2,0.5,0,ZQN7,95.3550,375-4000
2026-09-19,2027-07-28,500-525,10.2,7.2,6.1,0,0,ZQN7,95.3550,375-4000
2026-09-19,2027-07-28,525-550,1.9,1,1,0,0,ZQN7,95.3550,375-4000
2026-09-19,2027-07-28,550-575,0.1,0,0.1,0,0,ZQN7,95.3550,375-4000
2026-09-19,2027-09-15,350-375,0,0,0.2,16.3,0,ZQU7,95.3250,375-4000
2026-09-19,2027-09-15,375-400 (Current),0.8,1.2,3,35.2,0,ZQU7,95.3250,375-4000
2026-09-19,2027-09-15,400-425,6.6,9,12.9,30.6,0,ZQU7,95.3250,375-4000
2026-09-19,2027-09-15,425-450,20.8,25,26.4,13.9,0,ZQU7,95.3250,375-4000
2026-09-19,2027-09-15,450-475,32,33.2,29.7,3.6,1,ZQU7,95.3250,375-4000
2026-09-19,2027-09-15,475-500,26,22.5,19.2,0.5,0,ZQU7,95.3250,375-4000
2026-09-19,2027-09-15,500-525,11.2,7.8,7.1,0,0,ZQU7,95.3250,375-4000
2026-09-19,2027-09-15,525-550,2.4,1.3,1.4,0,0,ZQU7,95.3250,375-4000
2026-09-19,2027-09-15,550-575,0.2,0.1,0.1,0,0,ZQU7,95.3250,375-4000
2026-09-19,2027-10-27,350-375,0,0.1,0,0,0,ZQV7,95.3200,375-4001
2026-09-19,2027-10-27,375-400 (Current),1.1,1.5,0,0,0,ZQV7,95.3200,375-4001
2026-09-19,2027-10-27,400-425,7.2,9.7,0,0,0,ZQV7,95.3200,375-4001
2026-09-19,2027-10-27,425-450,21.3,25.3,0,0,0,ZQV7,95.3200,375-4001
2026-09-19,2027-10-27,450-475,31.7,32.7,0,0,1,ZQV7,95.3200,375-4001
2026-09-19,2027-10-27,475-500,25.3,21.9,0,0,0,ZQV7,95.3200,375-4001
2026-09-19,2027-10-27,500-525,10.8,7.5,0,0,0,ZQV7,95.3200,375-4001
2026-09-19,2027-10-27,525-550,2.3,1.2,0,0,0,ZQV7,95.3200,375-4001
2026-09-19,2027-10-27,550-575,0.2,0.1,0,0,0,ZQV7,95.3200,375-4001
2026-09-19,2027-12-08,350-375,0.1,0,0,0,0,ZQZ7,95.3500,375-4000
2026-09-19,2027-12-08,375-400 (Current),1.7,0,0,0,0,ZQZ7,95.3500,375-4000
2026-09-19,2027-12-08,400-425,8.8,0,0,0,0,ZQZ7,95.3500,375-4000
2026-09-19,2027-12-08,425-450,22.4,0,0,0,0,ZQZ7,95.3500,375-4000
2026-09-19,2027-12-08,450-475,31,0,0,0,1,ZQZ7,95.3500,375-4000
2026-09-19,2027-12-08,475-500,23.7,0,0,0,0,ZQZ7,95.3500,375-4000
2026-09-19,2027-12-08,500-525,9.9,0,0,0,0,ZQZ7,95.3500,375-4000
2026-09-19,2027-12-08,525-550,2.1,0,0,0,0,ZQZ7,95.3500,375-4000
2026-09-19,2027-12-08,550-575,0.2,0,0,0,0,ZQZ7,95.3500,375-4000
2026-09-20,2026-10-28,350-375,0,0,6.5,51.2,0,ZQV6,96.1050,375-40042
2026-09-20,2026-10-28,375-400 (Current),42.4,42.4,51,41.6,0,ZQV6,96.1050,375-40042
2026-09-20,2026-10-28,400-425,57.6,57.6,42.5,7.2,1,ZQV6,96.1050,375-40042
2026-09-20,2026-12-09,350-375,0,0,2.3,33,0,ZQZ6,95.8350,375-4009
2026-09-20,2026-12-09,375-400 (Current),9.9,9.9,22.1,45,0,ZQZ6,95.8350,375-4009
2026-09-20,2026-12-09,400-425,46,46,48,19.5,1,ZQZ6,95.8350,375-4009
2026-09-20,2026-12-09,425-450,44.1,44.1,27.6,2.6,0,ZQZ6,95.8350,375-4009
2026-09-20,2027-01-27,350-375,0,0,1.4,26.9,0,ZQF7,95.7700,375-4005
2026-09-20,2027-01-27,375-400 (Current),5.8,5.8,14.4,42.8,0,ZQF7,95.7700,375-4005
2026-09-20,2027-01-27,400-425,31.1,31.1,37.9,24.2,0,ZQF7,95.7700,375-4005
2026-09-20,2027-01-27,425-450,44.9,44.9,35.6,5.7,1,ZQF7,95.7700,375-4005
2026-09-20,2027-01-27,450-475,18.2,18.2,10.8,0.5,0,ZQF7,95.7700,375-4005
2026-09-20,2027-03-17,350-375,0,0,0.6,20.6,0,ZQH7,95.6000,375-4002
2026-09-20,2027-03-17,375-400 (Current),2,2,6.8,39.1,0,ZQH7,95.6000,375-4002
2026-09-20,2027-03-17,400-425,14.4,14.4,24.2,28.5,0,ZQH7,95.6000,375-4002
2026-09-20,2027-03-17,425-450,35.8,35.8,36.9,10,1,ZQH7,95.6000,375-4002
2026-09-20,2027-03-17,450-475,35.8,35.8,25.2,1.7,1,ZQH7,95.6000,375-4002
2026-09-20,2027-03-17,475-500,12,12,6.3,0.1,0,ZQH7,95.6000,375-4002
2026-09-20,2027-04-28,350-375,0,0,0.4,18.4,0,ZQJ7,95.5100,375-4001
2026-09-20,2027-04-28,375-400 (Current),1.4,1.4,5.1,37.1,0,ZQJ7,95.5100,375-4001
2026-09-20,2027-04-28,400-425,10.7,10.7,19.4,29.6,0,ZQJ7,95.5100,375-4001
2026-09-20,2027-04-28,425-450,29.4,29.4,33.4,12,0,ZQJ7,95.5100,375-4001
2026-09-20,2027-04-28,450-475,35.8,35.8,28.5,2.6,1,ZQJ7,95.5100,375-4001
2026-09-20,2027-04-28,475-500,19.2,19.2,11.5,0.3,0,ZQJ7,95.5100,375-4001
2026-09-20,2027-04-28,500-525,3.6,3.6,1.7,0,0,ZQJ7,95.5100,375-4001
2026-09-20,2027-06-09,350-375,0,0,0.3,16.6,0,ZQM7,95.3850,375-4000
2026-09-20,2027-06-09,375-400 (Current),0.9,0.9,3.6,35.3,0,ZQM7,95.3850,375-4000
2026-09-20,2027-06-09,400-425,7.6,7.6,14.9,30.4,0,ZQM7,95.3850,375-4000
2026-09-20,2027-06-09,425-450,23.2,23.2,29,13.7,0,ZQM7,95.3850,375-4000
2026-09-20,2027-06-09,450-475,33.7,33.7,30,3.5,1,ZQM7,95.3850,375-4000
2026-09-20,2027-06-09,475-500,24.7,24.7,16.8,0.5,0,ZQM7,95.3850,375-4000
2026-09-20,2027-06-09,500-525,8.8,8.8,4.8,0,0,ZQM7,95.3850,375-4000
2026-09-20,2027-06-09,525-550,1.2,1.2,0.5,0,0,ZQM7,95.3850,375-4000
2026-09-20,2027-07-28,350-375,0,0,0.3,16.3,0,ZQN7,95.3550,375-4000
2026-09-20,2027-07-28,375-400 (Current),0.8,0.8,3.3,34.9,0,ZQN7,95.3550,375-4000
2026-09-20,2027-07-28,400-425,7,7,13.7,30.5,0,ZQN7,95.3550,375-4000
2026-09-20,2027-07-28,425-450,21.8,21.8,27.5,14.1,0,ZQN7,95.3550,375-4000
2026-09-20,2027-07-28,450-475,32.7,32.7,29.9,3.7,1,ZQN7,95.3550,375-4000
2026-09-20,2027-07-28,475-500,25.5,25.5,18.2,0.6,0,ZQN7,95.3550,375-4000
2026-09-20,2027-07-28,500-525,10.2,10.2,6.1,0,0,ZQN7,95.3550,375-4000
2026-09-20,2027-07-28,525-550,1.9,1.9,1,0,0,ZQN7,95.3550,375-4000
2026-09-20,2027-07-28,550-575,0.1,0.1,0.1,0,0,ZQN7,95.3550,375-4000
2026-09-20,2027-09-15,350-375,0,0,0.2,16.3,0,ZQU7,95.3250,375-4000
2026-09-20,2027-09-15,375-400 (Current),0.8,0.8,3,34.9,0,ZQU7,95.3250,375-4000
2026-09-20,2027-09-15,400-425,6.6,6.6,12.9,30.5,0,ZQU7,95.3250,375-4000
2026-09-20,2027-09-15,425-450,20.8,20.8,26.4,14.1,0,ZQU7,95.3250,375-4000
2026-09-20,2027-09-15,450-475,32,32,29.7,3.7,1,ZQU7,95.3250,375-4000
2026-09-20,2027-09-15,475-500,26,26,19.2,0.6,0,ZQU7,95.3250,375-4000
2026-09-20,2027-09-15,500-525,11.2,11.2,7.1,0,0,ZQU7,95.3250,375-4000
2026-09-20,2027-09-15,525-550,2.4,2.4,1.4,0,0,ZQU7,95.3250,375-4000
2026-09-20,2027-09-15,550-575,0.2,0.2,0.1,0,0,ZQU7,95.3250,375-4000
2026-09-20,2027-10-27,375-400 (Current),1.1,1.1,0,0,0,ZQV7,95.3200,375-4001
2026-09-20,2027-10-27,400-425,7.2,7.2,0,0,0,ZQV7,95.3200,375-4001
2026-09-20,2027-10-27,425-450,21.3,21.3,0,0,0,ZQV7,95.3200,375-4001
2026-09-20,2027-10-27,450-475,31.7,31.7,0,0,1,ZQV7,95.3200,375-4001
2026-09-20,2027-10-27,475-500,25.3,25.3,0,0,0,ZQV7,95.3200,375-4001
2026-09-20,2027-10-27,500-525,10.8,10.8,0,0,0,ZQV7,95.3200,375-4001
2026-09-20,2027-10-27,525-550,2.3,2.3,0,0,0,ZQV7,95.3200,375-4001
2026-09-20,2027-10-27,550-575,0.2,0.2,0,0,0,ZQV7,95.3200,375-4001
2026-09-20,2027-12-08,350-375,0.1,0,0,0,0,ZQZ7,95.3500,375-4000
2026-09-20,2027-12-08,375-400 (Current),1.7,0,0,0,0,ZQZ7,95.3500,375-4000
2026-09-20,2027-12-08,400-425,8.8,0,0,0,0,ZQZ7,95.3500,375-4000
2026-09-20,2027-12-08,425-450,22.4,0,0,0,0,ZQZ7,95.3500,375-4000
2026-09-20,2027-12-08,450-475,31,0,0,0,1,ZQZ7,95.3500,375-4000
2026-09-20,2027-12-08,475-500,23.7,0,0,0,0,ZQZ7,95.3500,375-4000
2026-09-20,2027-12-08,500-525,9.9,0,0,0,0,ZQZ7,95.3500,375-4000
2026-09-20,2027-12-08,525-550,2.1,0,0,0,0,ZQZ7,95.3500,375-4000
2026-09-20,2027-12-08,550-575,0.2,0,0,0,0,ZQZ7,95.3500,375-4000
2026-09-21,2026-10-28,350-375,0,0,3.5,46.8,0,ZQV6,96.1025,375-40046
2026-09-21,2026-10-28,375-400 (Current),46.9,42.4,53,44.3,0,ZQV6,96.1025,375-40046
2026-09-21,2026-10-28,400-425,53.1,57.6,43.5,8.8,1,ZQV6,96.1025,375-40046
2026-09-21,2026-12-09,350-375,0,0,1.2,28.4,0,ZQZ6,95.8450,375-40011
2026-09-21,2026-12-09,375-400 (Current),11.9,9.9,20.7,45.3,0,ZQZ6,95.8450,375-40011
2026-09-21,2026-12-09,400-425,48.4,46,49.7,22.8,1,ZQZ6,95.8450,375-40011
2026-09-21,2026-12-09,425-450,39.7,44.1,28.4,3.5,0,ZQZ6,95.8450,375-40011
2026-09-21,2027-01-27,350-375,0,0,0.8,22.5,0,ZQF7,95.7825,375-4007
2026-09-21,2027-01-27,375-400 (Current),7,5.8,13.5,41.8,0,ZQF7,95.7825,375-4007
2026-09-21,2027-01-27,400-425,33.3,31.1,39.1,27.5,0,ZQF7,95.7825,375-4007
2026-09-21,2027-01-27,425-450,43.3,44.9,36.2,7.5,1,ZQF7,95.7825,375-4007
2026-09-21,2027-01-27,450-475,16.4,18.2,10.4,0.7,0,ZQF7,95.7825,375-4007
2026-09-21,2027-03-17,350-375,0,0,0.4,16.4,0,ZQH7,95.6175,375-4002
2026-09-21,2027-03-17,375-400 (Current),2.5,2,6.9,36.6,0,ZQH7,95.6175,375-4002
2026-09-21,2027-03-17,400-425,16.5,14.4,25.7,31.4,0,ZQH7,95.6175,375-4002
2026-09-21,2027-03-17,425-450,36.9,35.8,37.7,12.9,1,ZQH7,95.6175,375-4002
2026-09-21,2027-03-17,450-475,33.6,35.8,23.9,2.5,0,ZQH7,95.6175,375-4002
2026-09-21,2027-03-17,475-500,10.5,12,5.5,0.2,0,ZQH7,95.6175,375-4002
2026-09-21,2027-04-28,350-375,0,0,0.3,14.3,0,ZQJ7,95.5275,375-4001
2026-09-21,2027-04-28,375-400 (Current),1.8,1.4,5.2,34,0,ZQJ7,95.5275,375-4001
2026-09-21,2027-04-28,400-425,12.3,10.7,20.9,32,0,ZQJ7,95.5275,375-4001
2026-09-21,2027-04-28,425-450,30.8,29.4,34.6,15.3,0,ZQJ7,95.5275,375-4001
2026-09-21,2027-04-28,450-475,34.6,35.8,27.5,3.9,1,ZQJ7,95.5275,375-4001
2026-09-21,2027-04-28,475-500,17.4,19.2,10.2,0.5,0,ZQJ7,95.5275,375-4001
2026-09-21,2027-04-28,500-525,3.1,3.6,1.4,0,0,ZQJ7,95.5275,375-4001
2026-09-21,2027-06-09,350-375,0,0,0.2,12.3,0,ZQM7,95.4025,375-4001
2026-09-21,2027-06-09,375-400 (Current),1.2,0.9,3.8,31.3,0,ZQM7,95.4025,375-4001
2026-09-21,2027-06-09,400-425,8.8,7.6,16.3,32.3,0,ZQM7,95.4025,375-4001
2026-09-21,2027-06-09,425-450,24.6,23.2,30.6,17.6,0,ZQM7,95.4025,375-4001
2026-09-21,2027-06-09,450-475,33.3,33.7,29.5,5.4,1,ZQM7,95.4025,375-4001
2026-09-21,2027-06-09,475-500,23.1,24.7,15.2,1,0,ZQM7,95.4025,375-4001
2026-09-21,2027-06-09,500-525,7.9,8.8,3.9,0.1,0,ZQM7,95.4025,375-4001
2026-09-21,2027-06-09,525-550,1,1.2,0.4,0,0,ZQM7,95.4025,375-4001
2026-09-21,2027-07-28,350-375,0,0,0.2,12.1,0,ZQN7,95.3725,375-4001
2026-09-21,2027-07-28,375-400 (Current),1.1,0.8,3.4,30.9,0,ZQN7,95.3725,375-4001
2026-09-21,2027-07-28,400-425,8.1,7,14.9,32.3,0,ZQN7,95.3725,375-4001
2026-09-21,2027-07-28,425-450,23.2,21.8,29.1,17.9,0,ZQN7,95.3725,375-4001
2026-09-21,2027-07-28,450-475,32.6,32.7,29.7,5.7,1,ZQN7,95.3725,375-4001
2026-09-21,2027-07-28,475-500,24,25.5,16.8,1.1,0,ZQN7,95.3725,375-4001
2026-09-21,2027-07-28,500-525,9.2,10.2,5.2,0.1,0,ZQN7,95.3725,375-4001
2026-09-21,2027-07-28,525-550,1.6,1.9,0.8,0,0,ZQN7,95.3725,375-4001
2026-09-21,2027-07-28,550-575,0.1,0.1,0,0,0,ZQN7,95.3725,375-4001
2026-09-21,2027-09-15,350-375,0,0,0.2,12.1,0,ZQU7,95.3400,375-4001
2026-09-21,2027-09-15,375-400 (Current),1,0.8,3.1,30.9,0,ZQU7,95.3400,375-4001
2026-09-21,2027-09-15,400-425,7.6,6.6,14,32.3,0,ZQU7,95.3400,375-4001
2026-09-21,2027-09-15,425-450,22.2,20.8,27.9,17.9,0,ZQU7,95.3400,375-4001
2026-09-21,2027-09-15,450-475,31.9,32,29.6,5.7,1,ZQU7,95.3400,375-4001
2026-09-21,2027-09-15,475-500,24.6,26,17.8,1.1,0,ZQU7,95.3400,375-4001
2026-09-21,2027-09-15,500-525,10.3,11.2,6.1,0.1,0,ZQU7,95.3400,375-4001
2026-09-21,2027-09-15,525-550,2.2,2.4,1.1,0,0,ZQU7,95.3400,375-4001
2026-09-21,2027-09-15,550-575,0.2,0.2,0.1,0,0,ZQU7,95.3400,375-4001
2026-09-21,2027-10-27,375-400 (Current),1.1,1.1,0,0,0,ZQV7,95.3350,375-4001
2026-09-21,2027-10-27,400-425,7.8,7.2,0,0,0,ZQV7,95.3350,375-4001
2026-09-21,2027-10-27,425-450,22.3,21.3,0,0,0,ZQV7,95.3350,375-4001
2026-09-21,2027-10-27,450-475,31.8,31.7,0,0,1,ZQV7,95.3350,375-4001
2026-09-21,2027-10-27,475-500,24.5,25.3,0,0,0,ZQV7,95.3350,375-4001
2026-09-21,2027-10-27,500-525,10.2,10.8,0,0,0,ZQV7,95.3350,375-4001
2026-09-21,2027-10-27,525-550,2.2,2.3,0,0,0,ZQV7,95.3350,375-4001
2026-09-21,2027-10-27,550-575,0.2,0.2,0,0,0,ZQV7,95.3350,375-4001
2026-09-21,2027-12-08,375-400 (Current),1,0,0,0,0,ZQZ7,95.3175,375-4001
2026-09-21,2027-12-08,400-425,7.1,0,0,0,0,ZQZ7,95.3175,375-4001
2026-09-21,2027-12-08,425-450,20.7,0,0,0,0,ZQZ7,95.3175,375-4001
2026-09-21,2027-12-08,450-475,30.8,0,0,0,1,ZQZ7,95.3175,375-4001
2026-09-21,2027-12-08,475-500,25.3,0,0,0,0,ZQZ7,95.3175,375-4001
2026-09-21,2027-12-08,500-525,11.7,0,0,0,0,ZQZ7,95.3175,375-4001
2026-09-21,2027-12-08,525-550,3,0,0,0,0,ZQZ7,95.3175,375-4001
2026-09-21,2027-12-08,550-575,0.4,0,0,0,0,ZQZ7,95.3175,375-4001
2026-09-22,2026-10-28,350-375,0,0,3.5,46.8,0,ZQV6,96.1025,375-40042
2026-09-22,2026-10-28,375-400 (Current),42.4,42.4,53,44.3,0,ZQV6,96.1025,375-40042
2026-09-22,2026-10-28,400-425,57.6,57.6,43.5,8.8,1,ZQV6,96.1025,375-40042
2026-09-22,2026-12-09,350-375,0,0,1.1,28.4,0,ZQZ6,95.8325,375-4009
2026-09-22,2026-12-09,375-400 (Current),9.2,9.9,19.7,45.3,0,ZQZ6,95.8325,375-4009
2026-09-22,2026-12-09,400-425,45.7,46,49.9,22.8,1,ZQZ6,95.8325,375-4009
2026-09-22,2026-12-09,425-450,45.1,44.1,29.2,3.5,0,ZQZ6,95.8325,375-4009
2026-09-22,2027-01-27,350-375,0,0,0.7,22.5,0,ZQF7,95.7625,375-4005
2026-09-22,2027-01-27,375-400 (Current),5.2,5.8,12.9,41.8,0,ZQF7,95.7625,375-4005
2026-09-22,2027-01-27,400-425,29.8,31.1,38.8,27.5,0,ZQF7,95.7625,375-4005
2026-09-22,2027-01-27,425-450,45.4,44.9,36.8,7.5,1,ZQF7,95.7625,375-4005
2026-09-22,2027-01-27,450-475,19.7,18.2,10.7,0.7,0,ZQF7,95.7625,375-4005
2026-09-22,2027-03-17,350-375,0,0,0.3,16.4,0,ZQH7,95.5875,375-4001
2026-09-22,2027-03-17,375-400 (Current),1.8,2,6.1,36.6,0,ZQH7,95.5875,375-4001
2026-09-22,2027-03-17,400-425,13.6,14.4,24.3,31.4,0,ZQH7,95.5875,375-4001
2026-09-22,2027-03-17,425-450,35.1,35.8,37.9,12.9,0,ZQH7,95.5875,375-4001
2026-09-22,2027-03-17,450-475,36.6,35.8,25.4,2.5,1,ZQH7,95.5875,375-4001
2026-09-22,2027-03-17,475-500,13,12,6,0.2,0,ZQH7,95.5875,375-4001
2026-09-22,2027-04-28,350-375,0,0,0.2,14.3,0,ZQJ7,95.4975,375-4001
2026-09-22,2027-04-28,375-400 (Current),1.2,1.4,4.5,34,0,ZQJ7,95.4975,375-4001
2026-09-22,2027-04-28,400-425,9.8,10.7,19.2,32,0,ZQJ7,95.4975,375-4001
2026-09-22,2027-04-28,425-450,28.2,29.4,34.1,15.3,0,ZQJ7,95.4975,375-4001
2026-09-22,2027-04-28,450-475,36.1,35.8,28.9,3.9,1,ZQJ7,95.4975,375-4001
2026-09-22,2027-04-28,475-500,20.6,19.2,11.4,0.5,0,ZQJ7,95.4975,375-4001
2026-09-22,2027-04-28,500-525,4.2,3.6,1.7,0,0,ZQJ7,95.4975,375-4001
2026-09-22,2027-06-09,350-375,0,0,0.2,12.3,0,ZQM7,95.3650,375-4000
2026-09-22,2027-06-09,375-400 (Current),0.8,0.9,3.1,31.3,0,ZQM7,95.3650,375-4000
2026-09-22,2027-06-09,400-425,6.8,7.6,14.3,32.3,0,ZQM7,95.3650,375-4000
2026-09-22,2027-06-09,425-450,21.9,23.2,29.2,17.6,0,ZQM7,95.3650,375-4000
2026-09-22,2027-06-09,450-475,33.4,33.7,30.6,5.4,1,ZQM7,95.3650,375-4000
2026-09-22,2027-06-09,475-500,25.9,24.7,17.2,1,0,ZQM7,95.3650,375-4000
2026-09-22,2027-06-09,500-525,9.8,8.8,4.9,0.1,0,ZQM7,95.3650,375-4000
2026-09-22,2027-06-09,525-550,1.4,1.2,0.6,0,0,ZQM7,95.3650,375-4000
2026-09-22,2027-07-28,350-375,0,0,0.1,12.1,0,ZQN7,95.3350,375-4000
2026-09-22,2027-07-28,375-400 (Current),0.7,0.8,2.7,30.9,0,ZQN7,95.3350,375-4000
2026-09-22,2027-07-28,400-425,6.3,7,13.1,32.3,0,ZQN7,95.3350,375-4000
2026-09-22,2027-07-28,425-450,20.6,21.8,27.6,17.9,0,ZQN7,95.3350,375-4000
2026-09-22,2027-07-28,450-475,32.4,32.7,30.5,5.7,1,ZQN7,95.3350,375-4000
2026-09-22,2027-07-28,475-500,26.5,25.5,18.7,1.1,0,ZQN7,95.3350,375-4000
2026-09-22,2027-07-28,500-525,11.2,10.2,6.2,0.1,0,ZQN7,95.3350,375-4000
2026-09-22,2027-07-28,525-550,2.2,1.9,1,0,0,ZQN7,95.3350,375-4000
2026-09-22,2027-07-28,550-575,0.1,0.1,0.1,0,0,ZQN7,95.3350,375-4000
2026-09-22,2027-09-15,350-375,0,0,0.1,12.1,0,ZQU7,95.3050,375-4000
2026-09-22,2027-09-15,375-400 (Current),0.7,0.8,2.5,30.9,0,ZQU7,95.3050,375-4000
2026-09-22,2027-09-15,400-425,5.9,6.6,12.3,32.3,0,ZQU7,95.3050,375-4000
2026-09-22,2027-09-15,425-450,19.5,20.8,26.4,17.9,0,ZQU7,95.3050,375-4000
2026-09-22,2027-09-15,450-475,31.5,32,30.2,5.7,1,ZQU7,95.3050,375-4000
2026-09-22,2027-09-15,475-500,27,26,19.6,1.1,0,ZQU7,95.3050,375-4000
2026-09-22,2027-09-15,500-525,12.3,11.2,7.2,0.1,0,ZQU7,95.3050,375-4000
2026-09-22,2027-09-15,525-550,2.8,2.4,1.5,0,0,ZQU7,95.3050,375-4000
2026-09-22,2027-09-15,550-575,0.3,0.2,0.1,0,0,ZQU7,95.3050,375-4000
2026-09-22,2027-10-27,375-400 (Current),0.8,1.1,0,0,0,ZQV7,95.2975,375-4000
2026-09-22,2027-10-27,400-425,6.4,7.2,0,0,0,ZQV7,95.2975,375-4000
2026-09-22,2027-10-27,425-450,19.9,21.3,0,0,0,ZQV7,95.2975,375-4000
2026-09-22,2027-10-27,450-475,31.4,31.7,0,0,1,ZQV7,95.2975,375-4000
2026-09-22,2027-10-27,475-500,26.5,25.3,0,0,0,ZQV7,95.2975,375-4000
2026-09-22,2027-10-27,500-525,12,10.8,0,0,0,ZQV7,95.2975,375-4000
2026-09-22,2027-10-27,525-550,2.7,2.3,0,0,0,ZQV7,95.2975,375-4000
2026-09-22,2027-10-27,550-575,0.3,0.2,0,0,0,ZQV7,95.2975,375-4000
2026-09-22,2027-12-08,350-375,0.2,0,0,0,0,ZQZ7,95.3450,375-4000
2026-09-22,2027-12-08,375-400 (Current),2,0,0,0,0,ZQZ7,95.3450,375-4000
2026-09-22,2027-12-08,400-425,9.3,0,0,0,0,ZQZ7,95.3450,375-4000
2026-09-22,2027-12-08,425-450,22.4,0,0,0,0,ZQZ7,95.3450,375-4000
2026-09-22,2027-12-08,450-475,30.3,0,0,0,1,ZQZ7,95.3450,375-4000
2026-09-22,2027-12-08,475-500,23.4,0,0,0,0,ZQZ7,95.3450,375-4000
2026-09-22,2027-12-08,500-525,10,0,0,0,0,ZQZ7,95.3450,375-4000
2026-09-22,2027-12-08,525-550,2.2,0,0,0,0,ZQZ7,95.3450,375-4000
2026-09-22,2027-12-08,550-575,0.2,0,0,0,0,ZQZ7,95.3450,375-4000
2026-09-23,2026-10-28,350-375,0,0,0,46.8,0,ZQV6,96.1025,375-40046
2026-09-23,2026-10-28,375-400 (Current),46.9,42.4,50.6,44.3,0,ZQV6,96.1025,375-40046
2026-09-23,2026-10-28,400-425,53.1,57.6,48.7,8.8,1,ZQV6,96.1025,375-40046
2026-09-23,2026-10-28,425-450,0,0,0.6,0,0,ZQV6,96.1025,375-40046
2026-09-23,2026-12-09,350-375,0,0,0,28.4,0,ZQZ6,95.8425,375-40010
2026-09-23,2026-12-09,375-400 (Current),10.8,9.9,11.7,45.3,0,ZQZ6,95.8425,375-40010
2026-09-23,2026-12-09,400-425,48.3,46,50.2,22.8,1,ZQZ6,95.8425,375-40010
2026-09-23,2026-12-09,425-450,40.9,44.1,37.7,3.5,0,ZQZ6,95.8425,375-40010
2026-09-23,2026-12-09,450-475,0,0,0.5,0,0,ZQZ6,95.8425,375-40010
2026-09-23,2027-01-27,350-375,0,0,0,22.5,0,ZQF7,95.7775,375-4006
2026-09-23,2027-01-27,375-400 (Current),6.6,5.8,7.1,41.8,0,ZQF7,95.7775,375-4006
2026-09-23,2027-01-27,400-425,33.7,31.1,35.2,27.5,0,ZQF7,95.7775,375-4006
2026-09-23,2027-01-27,425-450,43.8,44.9,42.6,7.5,1,ZQF7,95.7775,375-4006
2026-09-23,2027-01-27,450-475,16,18.2,15,0.7,0,ZQF7,95.7775,375-4006
2026-09-23,2027-01-27,475-500,0,0,0.2,0,0,ZQF7,95.7775,375-4006
2026-09-23,2027-03-17,350-375,0,0,0,16.4,0,ZQH7,95.6175,375-4002
2026-09-23,2027-03-17,375-400 (Current),2.4,2,2.3,36.6,0,ZQH7,95.6175,375-4002
2026-09-23,2027-03-17,400-425,16.3,14.4,16.2,31.4,0,ZQH7,95.6175,375-4002
2026-09-23,2027-03-17,425-450,37.3,35.8,37.5,12.9,1,ZQH7,95.6175,375-4002
2026-09-23,2027-03-17,450-475,33.8,35.8,33.7,2.5,0,ZQH7,95.6175,375-4002
2026-09-23,2027-03-17,475-500,10.2,12,10.2,0.2,0,ZQH7,95.6175,375-4002
2026-09-23,2027-03-17,500-525,0,0,0.1,0,0,ZQH7,95.6175,375-4002
2026-09-23,2027-04-28,350-375,0,0,0,14.3,0,ZQJ7,95.5275,375-4001
2026-09-23,2027-04-28,375-400 (Current),1.7,1.3,1.5,34,0,ZQJ7,95.5275,375-4001
2026-09-23,2027-04-28,400-425,12.1,10.4,11.4,32,0,ZQJ7,95.5275,375-4001
2026-09-23,2027-04-28,425-450,31,28.9,30.2,15.3,0,ZQJ7,95.5275,375-4001
2026-09-23,2027-04-28,450-475,34.8,35.8,35,3.9,1,ZQJ7,95.5275,375-4001
2026-09-23,2027-04-28,475-500,17.3,19.7,18.3,0.5,0,ZQJ7,95.5275,375-4001
2026-09-23,2027-04-28,500-525,3.1,3.9,3.6,0,0,ZQJ7,95.5275,375-4001
2026-09-23,2027-06-09,350-375,0,0,0,12.3,0,ZQM7,95.3975,375-4001
2026-09-23,2027-06-09,375-400 (Current),1.1,0.9,1,31.3,0,ZQM7,95.3975,375-4001
2026-09-23,2027-06-09,400-425,8.7,7.4,7.9,32.3,0,ZQM7,95.3975,375-4001
2026-09-23,2027-06-09,425-450,24.8,22.8,23.6,17.6,0,ZQM7,95.3975,375-4001
2026-09-23,2027-06-09,450-475,33.6,33.5,33.3,5.4,1,ZQM7,95.3975,375-4001
2026-09-23,2027-06-09,475-500,23.1,25,24.1,1,0,ZQM7,95.3975,375-4001
2026-09-23,2027-06-09,500-525,7.8,9.1,8.7,0.1,0,ZQM7,95.3975,375-4001
2026-09-23,2027-06-09,525-550,1,1.3,1.3,0,0,ZQM7,95.3975,375-4001
2026-09-23,2027-07-28,350-375,0,0,0,12.1,0,ZQN7,95.3725,375-4001
2026-09-23,2027-07-28,375-400 (Current),1,0.8,0.9,30.9,0,ZQN7,95.3725,375-4001
2026-09-23,2027-07-28,400-425,8,6.8,7.3,32.3,0,ZQN7,95.3725,375-4001
2026-09-23,2027-07-28,425-450,23.3,21.4,22.2,17.9,0,ZQN7,95.3725,375-4001
2026-09-23,2027-07-28,450-475,32.8,32.6,32.5,5.7,1,ZQN7,95.3725,375-4001
2026-09-23,2027-07-28,475-500,24,25.8,24.9,1.1,0,ZQN7,95.3725,375-4001
2026-09-23,2027-07-28,500-525,9.1,10.5,10.1,0.1,0,ZQN7,95.3725,375-4001
2026-09-23,2027-07-28,525-550,1.6,2,1.9,0,0,ZQN7,95.3725,375-4001
2026-09-23,2027-07-28,550-575,0.1,0.1,0.1,0,0,ZQN7,95.3725,375-4001
2026-09-23,2027-09-15,350-375,0,0,0,12.1,0,ZQU7,95.3450,375-4000
2026-09-23,2027-09-15,375-400 (Current),0.9,0.8,0.8,30.9,0,ZQU7,95.3450,375-4000
2026-09-23,2027-09-15,400-425,7.5,6.4,6.8,32.3,0,ZQU7,95.3450,375-4000
2026-09-23,2027-09-15,425-450,22.2,20.5,21,17.9,0,ZQU7,95.3450,375-4000
2026-09-23,2027-09-15,450-475,32.1,31.8,31.6,5.7,1,ZQU7,95.3450,375-4000
2026-09-23,2027-09-15,475-500,24.7,26.2,25.5,1.1,0,ZQU7,95.3450,375-4000
2026-09-23,2027-09-15,500-525,10.2,11.5,11.3,0.1,0,ZQU7,95.3450,375-4000
2026-09-23,2027-09-15,525-550,2.2,2.5,2.6,0,0,ZQU7,95.3450,375-4000
2026-09-23,2027-09-15,550-575,0.2,0.2,0.3,0,0,ZQU7,95.3450,375-4000
2026-09-23,2027-10-27,375-400 (Current),1.2,1,0,0,0,ZQV7,95.3350,375-4001
2026-09-23,2027-10-27,400-425,8,7.1,0,0,0,ZQV7,95.3350,375-4001
2026-09-23,2027-10-27,425-450,22.5,21,0,0,0,ZQV7,95.3350,375-4001
2026-09-23,2027-10-27,450-475,31.8,31.6,0,0,1,ZQV7,95.3350,375-4001
2026-09-23,2027-10-27,475-500,24.2,25.5,0,0,0,ZQV7,95.3350,375-4001
2026-09-23,2027-10-27,500-525,10,11.1,0,0,0,ZQV7,95.3350,375-4001
2026-09-23,2027-10-27,525-550,2.1,2.4,0,0,0,ZQV7,95.3350,375-4001
2026-09-23,2027-10-27,550-575,0.2,0.2,0,0,0,ZQV7,95.3350,375-4001
2026-09-23,2027-12-08,350-375,0.1,0,0,0,0,ZQZ7,95.3600,375-4000
2026-09-23,2027-12-08,375-400 (Current),1.8,0,0,0,0,ZQZ7,95.3600,375-4000
2026-09-23,2027-12-08,400-425,9.4,0,0,0,0,ZQZ7,95.3600,375-4000
2026-09-23,2027-12-08,425-450,23.4,0,0,0,0,ZQZ7,95.3600,375-4000
2026-09-23,2027-12-08,450-475,31.1,0,0,0,1,ZQZ7,95.3600,375-4000
2026-09-23,2027-12-08,475-500,22.8,0,0,0,0,ZQZ7,95.3600,375-4000
2026-09-23,2027-12-08,500-525,9.2,0,0,0,0,ZQZ7,95.3600,375-4000
2026-09-23,2027-12-08,525-550,1.9,0,0,0,0,ZQZ7,95.3600,375-4000
2026-09-23,2027-12-08,550-575,0.2,0,0,0,0,ZQZ7,95.3600,375-4000
2026-09-24,2026-10-28,350-375,0,0,0,43,0,ZQV6,96.1025,375-40029
2026-09-24,2026-10-28,375-400 (Current),29.1,44.6,44.6,46,0,ZQV6,96.1025,375-40029
2026-09-24,2026-10-28,400-425,70.9,55.4,55.4,11,1,ZQV6,96.1025,375-40029
2026-09-24,2026-12-09,350-375,0,0,0,25.2,0,ZQZ6,95.8025,375-4006
2026-09-24,2026-12-09,375-400 (Current),6.5,10.5,11,44.8,0,ZQZ6,95.8025,375-4006
2026-09-24,2026-12-09,400-425,38.5,47.2,47.3,25.5,0,ZQZ6,95.8025,375-4006
2026-09-24,2026-12-09,425-450,55,42.3,41.7,4.6,1,ZQZ6,95.8025,375-4006
2026-09-24,2027-01-27,350-375,0,0,0,20,0,ZQF7,95.7325,375-4003
2026-09-24,2027-01-27,375-400 (Current),3.3,5.9,7,40.7,0,ZQF7,95.7325,375-4003
2026-09-24,2027-01-27,400-425,22.7,31.2,34,29.5,0,ZQF7,95.7325,375-4003
2026-09-24,2027-01-27,425-450,46.8,44.4,43.7,8.9,1,ZQF7,95.7325,375-4003
2026-09-24,2027-01-27,450-475,27.2,18.4,15.3,0.9,0,ZQF7,95.7325,375-4003
2026-09-24,2027-03-17,350-375,0,0,0,14.6,0,ZQH7,95.5425,375-4001
2026-09-24,2027-03-17,375-400 (Current),1,2.1,2.5,35.1,0,ZQH7,95.5425,375-4001
2026-09-24,2027-03-17,400-425,9.2,15.1,16.6,32.5,0,ZQH7,95.5425,375-4001
2026-09-24,2027-03-17,425-450,30.1,36,37.5,14.5,0,ZQH7,95.5425,375-4001
2026-09-24,2027-03-17,450-475,40.8,35,33.6,3.1,1,ZQH7,95.5425,375-4001
2026-09-24,2027-03-17,475-500,18.9,11.8,9.8,0.3,0,ZQH7,95.5425,375-4001
2026-09-24,2027-04-28,350-375,0,0,0,13,0,ZQJ7,95.4450,375-4000
2026-09-24,2027-04-28,375-400 (Current),0.6,1.5,1.9,32.9,0,ZQJ7,95.4450,375-4000
2026-09-24,2027-04-28,400-425,6.1,10.9,13,32.8,0,ZQJ7,95.4450,375-4000
2026-09-24,2027-04-28,425-450,22.2,29.3,32.1,16.4,0,ZQJ7,95.4450,375-4000
2026-09-24,2027-04-28,450-475,36.8,35.3,34.6,4.3,1,ZQJ7,95.4450,375-4000
2026-09-24,2027-04-28,475-500,27.1,19.3,15.9,0.6,0,ZQJ7,95.4450,375-4000
2026-09-24,2027-04-28,500-525,7.1,3.8,2.5,0,0,ZQJ7,95.4450,375-4000
2026-09-24,2027-06-09,350-375,0,0,0,11.5,0,ZQM7,95.2875,375-4000
2026-09-24,2027-06-09,375-400 (Current),0.4,1,1.3,30.5,0,ZQM7,95.2875,375-4000
2026-09-24,2027-06-09,400-425,3.9,7.8,9.7,32.8,0,ZQM7,95.2875,375-4000
2026-09-24,2027-06-09,425-450,15.7,23.2,26.5,18.4,0,ZQM7,95.2875,375-4000
2026-09-24,2027-06-09,450-475,30.9,33.3,33.8,5.7,0,ZQM7,95.2875,375-4000
2026-09-24,2027-06-09,475-500,31,24.6,21.5,1,1,ZQM7,95.2875,375-4000
2026-09-24,2027-06-09,500-525,15.2,8.9,6.5,0.1,0,ZQM7,95.2875,375-4000
2026-09-24,2027-06-09,525-550,2.9,1.3,0.7,0,0,ZQM7,95.2875,375-4000
2026-09-24,2027-07-28,350-375,0,0,0,11.2,0,ZQN7,95.2525,375-4000
2026-09-24,2027-07-28,375-400 (Current),0.3,0.9,1.2,30.1,0,ZQN7,95.2525,375-4000
2026-09-24,2027-07-28,400-425,3.4,7.2,9.3,32.8,0,ZQN7,95.2525,375-4000
2026-09-24,2027-07-28,425-450,13.9,21.8,25.7,18.7,0,ZQN7,95.2525,375-4000
2026-09-24,2027-07-28,450-475,28.6,32.4,33.5,6,0,ZQN7,95.2525,375-4000
2026-09-24,2027-07-28,475-500,31,25.4,22,1.1,1,ZQN7,95.2525,375-4000
2026-09-24,2027-07-28,500-525,17.6,10.3,7.2,0.1,0,ZQN7,95.2525,375-4000
2026-09-24,2027-07-28,525-550,4.8,1.9,1,0,0,ZQN7,95.2525,375-4000
2026-09-24,2027-07-28,550-575,0.4,0.1,0,0,0,ZQN7,95.2525,375-4000
2026-09-24,2027-09-15,350-375,0,0,0,11.2,0,ZQU7,95.2000,375-4000
2026-09-24,2027-09-15,375-400 (Current),0.3,0.8,1.2,30.1,0,ZQU7,95.2000,375-4000
2026-09-24,2027-09-15,400-425,3,6.8,9,32.8,0,ZQU7,95.2000,375-4000
2026-09-24,2027-09-15,425-450,12.6,20.9,25,18.7,0,ZQU7,95.2000,375-4000
2026-09-24,2027-09-15,450-475,26.7,31.8,33.2,6,0,ZQU7,95.2000,375-4000
2026-09-24,2027-09-15,475-500,30.7,25.8,22.5,1.1,1,ZQU7,95.2000,375-4000
2026-09-24,2027-09-15,500-525,19.3,11.2,7.8,0.1,0,ZQU7,95.2000,375-4000
2026-09-24,2027-09-15,525-550,6.4,2.5,1.3,0,0,ZQU7,95.2000,375-4000
2026-09-24,2027-09-15,550-575,1,0.2,0.1,0,0,ZQU7,95.2000,375-4000
2026-09-24,2027-09-15,575-600,0.1,0,0,0,0,ZQU7,95.2000,375-4000
2026-09-24,2027-10-27,350-375,0,0,0.1,0,0,ZQV7,95.1850,375-4000
2026-09-24,2027-10-27,375-400 (Current),0.3,1,1.5,0,0,ZQV7,95.1850,375-4000
2026-09-24,2027-10-27,400-425,2.9,7.1,9.7,0,0,ZQV7,95.1850,375-4000
2026-09-24,2027-10-27,425-450,12.2,21.1,25.3,0,0,ZQV7,95.1850,375-4000
2026-09-24,2027-10-27,450-475,26.2,31.6,32.7,0,0,ZQV7,95.1850,375-4000
2026-09-24,2027-10-27,475-500,30.6,25.5,21.9,0,1,ZQV7,95.1850,375-4000
2026-09-24,2027-10-27,500-525,19.7,11,7.5,0,0,ZQV7,95.1850,375-4000
2026-09-24,2027-10-27,525-550,6.8,2.4,1.2,0,0,ZQV7,95.1850,375-4000
2026-09-24,2027-10-27,550-575,1.2,0.2,0.1,0,0,ZQV7,95.1850,375-4000
2026-09-24,2027-10-27,575-600,0.1,0,0,0,0,ZQV7,95.1850,375-4000
2026-09-24,2027-12-08,375-400 (Current),0.5,0,0,0,0,ZQZ7,95.1925,375-4000
2026-09-24,2027-12-08,400-425,3.6,0,0,0,0,ZQZ7,95.1925,375-4000
2026-09-24,2027-12-08,425-450,13.4,0,0,0,0,ZQZ7,95.1925,375-4000
2026-09-24,2027-12-08,450-475,26.6,0,0,0,0,ZQZ7,95.1925,375-4000
2026-09-24,2027-12-08,475-500,29.7,0,0,0,1,ZQZ7,95.1925,375-4000
2026-09-24,2027-12-08,500-525,18.7,0,0,0,0,ZQZ7,95.1925,375-4000
2026-09-24,2027-12-08,525-550,6.4,0,0,0,0,ZQZ7,95.1925,375-4000
2026-09-24,2027-12-08,550-575,1.1,0,0,0,0,ZQZ7,95.1925,375-4000
2026-09-24,2027-12-08,575-600,0.1,0,0,0,0,ZQZ7,95.1925,375-4000
2026-09-25,2026-10-28,350-375,0,0,0,45.7,0,ZQV6,96.1025,375-40029
2026-09-25,2026-10-28,375-400 (Current),29.1,29.1,42.4,44.7,0,ZQV6,96.1025,375-40029
2026-09-25,2026-10-28,400-425,70.9,70.9,57.6,9.7,1,ZQV6,96.1025,375-40029
2026-09-25,2026-12-09,350-375,0,0,0,27.6,0,ZQZ6,95.7975,375-4006
2026-09-25,2026-12-09,375-400 (Current),6,6.6,9.9,45.1,0,ZQZ6,95.7975,375-4006
2026-09-25,2026-12-09,400-425,37.7,38.5,46,23.5,0,ZQZ6,95.7975,375-4006
2026-09-25,2026-12-09,425-450,56.3,54.9,44.1,3.8,1,ZQZ6,95.7975,375-4006
2026-09-25,2027-01-27,350-375,0,0,0,22.5,0,ZQF7,95.7275,375-4003
2026-09-25,2027-01-27,375-400 (Current),3,3.2,5.8,41.9,0,ZQF7,95.7275,375-4003
2026-09-25,2027-01-27,400-425,21.7,22.4,31.1,27.5,0,ZQF7,95.7275,375-4003
2026-09-25,2027-01-27,425-450,46.9,46.6,44.9,7.4,1,ZQF7,95.7275,375-4003
2026-09-25,2027-01-27,450-475,28.5,27.7,18.2,0.7,0,ZQF7,95.7275,375-4003
2026-09-25,2027-03-17,350-375,0,0,0,17.2,0,ZQH7,95.5325,375-4000
2026-09-25,2027-03-17,375-400 (Current),0.9,1.1,2,37.3,0,ZQH7,95.5325,375-4000
2026-09-25,2027-03-17,400-425,8.7,9.5,14.4,30.9,0,ZQH7,95.5325,375-4000
2026-09-25,2027-03-17,425-450,29.4,30.3,35.8,12.1,0,ZQH7,95.5325,375-4000
2026-09-25,2027-03-17,450-475,41.3,40.5,35.8,2.3,1,ZQH7,95.5325,375-4000
2026-09-25,2027-03-17,475-500,19.8,18.7,12,0.2,0,ZQH7,95.5325,375-4000
2026-09-25,2027-04-28,350-375,0,0,0,15.8,0,ZQJ7,95.4375,375-4000
2026-09-25,2027-04-28,375-400 (Current),0.6,0.6,1.4,35.6,0,ZQJ7,95.4375,375-4000
2026-09-25,2027-04-28,400-425,5.8,6.2,10.7,31.4,0,ZQJ7,95.4375,375-4000
2026-09-25,2027-04-28,425-450,21.6,22.3,29.4,13.7,0,ZQJ7,95.4375,375-4000
2026-09-25,2027-04-28,450-475,36.8,36.5,35.8,3.1,1,ZQJ7,95.4375,375-4000
2026-09-25,2027-04-28,475-500,27.8,27.1,19.2,0.3,0,ZQJ7,95.4375,375-4000
2026-09-25,2027-04-28,500-525,7.4,7.2,3.6,0,0,ZQJ7,95.4375,375-4000
2026-09-25,2027-06-09,350-375,0,0,0,14.1,0,ZQM7,95.2825,375-4000
2026-09-25,2027-06-09,375-400 (Current),0.3,0.4,0.9,33.6,0,ZQM7,95.2825,375-4000
2026-09-25,2027-06-09,400-425,3.7,4,7.6,31.8,0,ZQM7,95.2825,375-4000
2026-09-25,2027-06-09,425-450,15.5,15.8,23.2,15.6,0,ZQM7,95.2825,375-4000
2026-09-25,2027-06-09,450-475,30.9,30.8,33.7,4.2,0,ZQM7,95.2825,375-4000
2026-09-25,2027-06-09,475-500,31.3,30.9,24.7,0.6,1,ZQM7,95.2825,375-4000
2026-09-25,2027-06-09,500-525,15.3,15.3,8.8,0,0,ZQM7,95.2825,375-4000
2026-09-25,2027-06-09,525-550,2.9,2.9,1.2,0,0,ZQM7,95.2825,375-4000
2026-09-25,2027-07-28,325-350,0,0,0,0.3,0,ZQN7,95.2500,375-4000
2026-09-25,2027-07-28,350-375,0,0,0,14.6,0,ZQN7,95.2500,375-4000
2026-09-25,2027-07-28,375-400 (Current),0.3,0.3,0.8,33.5,0,ZQN7,95.2500,375-4000
2026-09-25,2027-07-28,400-425,3.3,3.4,7,31.5,0,ZQN7,95.2500,375-4000
2026-09-25,2027-07-28,425-450,14,13.9,21.8,15.3,0,ZQN7,95.2500,375-4000
2026-09-25,2027-07-28,450-475,29,28.4,32.7,4.1,0,ZQN7,95.2500,375-4000
2026-09-25,2027-07-28,475-500,31.3,30.9,25.5,0.6,1,ZQN7,95.2500,375-4000
2026-09-25,2027-07-28,500-525,17.3,17.7,10.2,0,0,ZQN7,95.2500,375-4000
2026-09-25,2027-07-28,525-550,4.4,4.8,1.9,0,0,ZQN7,95.2500,375-4000
2026-09-25,2027-07-28,550-575,0.4,0.5,0.1,0,0,ZQN7,95.2500,375-4000
2026-09-25,2027-09-15,325-350,0,0,0,0.3,0,ZQU7,95.2050,375-4000
2026-09-25,2027-09-15,350-375,0,0,0,14.6,0,ZQU7,95.2050,375-4000
2026-09-25,2027-09-15,375-400 (Current),0.3,0.3,0.8,33.5,0,ZQU7,95.2050,375-4000
2026-09-25,2027-09-15,400-425,3,3,6.6,31.5,0,ZQU7,95.2050,375-4000
2026-09-25,2027-09-15,425-450,12.7,12.5,20.8,15.3,0,ZQU7,95.2050,375-4000
2026-09-25,2027-09-15,450-475,27.2,26.5,32,4.1,0,ZQU7,95.2050,375-4000
2026-09-25,2027-09-15,475-500,31.1,30.6,26,0.6,1,ZQU7,95.2050,375-4000
2026-09-25,2027-09-15,500-525,19,19.5,11.2,0,0,ZQU7,95.2050,375-4000
2026-09-25,2027-09-15,525-550,5.9,6.6,2.4,0,0,ZQU7,95.2050,375-4000
2026-09-25,2027-09-15,550-575,0.8,1,0.2,0,0,ZQU7,95.2050,375-4000
2026-09-25,2027-09-15,575-600,0,0.1,0,0,0,ZQU7,95.2050,375-4000
2026-09-25,2027-10-27,375-400 (Current),0.3,0.3,1.1,0,0,ZQV7,95.1925,375-4000
2026-09-25,2027-10-27,400-425,3,2.9,7.2,0,0,ZQV7,95.1925,375-4000
2026-09-25,2027-10-27,425-450,12.7,12.1,21.3,0,0,ZQV7,95.1925,375-4000
2026-09-25,2027-10-27,450-475,27.2,25.9,31.7,0,0,ZQV7,95.1925,375-4000
2026-09-25,2027-10-27,475-500,31.1,30.4,25.3,0,1,ZQV7,95.1925,375-4000
2026-09-25,2027-10-27,500-525,19,20,10.8,0,0,ZQV7,95.1925,375-4000
2026-09-25,2027-10-27,525-550,5.9,7.2,2.3,0,0,ZQV7,95.1925,375-4000
2026-09-25,2027-10-27,550-575,0.8,1.3,0.2,0,0,ZQV7,95.1925,375-4000
2026-09-25,2027-10-27,575-600,0,0.1,0,0,0,ZQV7,95.1925,375-4000
2026-09-25,2027-12-08,375-400 (Current),0.6,0,0,0,0,ZQZ7,95.2175,375-4000
2026-09-25,2027-12-08,400-425,4.3,0,0,0,0,ZQZ7,95.2175,375-4000
2026-09-25,2027-12-08,425-450,14.7,0,0,0,0,ZQZ7,95.2175,375-4000
2026-09-25,2027-12-08,450-475,27.7,0,0,0,0,ZQZ7,95.2175,375-4000
2026-09-25,2027-12-08,475-500,29.4,0,0,0,1,ZQZ7,95.2175,375-4000
2026-09-25,2027-12-08,500-525,17.2,0,0,0,0,ZQZ7,95.2175,375-4000
2026-09-25,2027-12-08,525-550,5.3,0,0,0,0,ZQZ7,95.2175,375-4000
2026-09-25,2027-12-08,550-575,0.7,0,0,0,0,ZQZ7,95.2175,375-4000
2026-09-26,2026-10-28,350-375,0,0,0,47.9,0,ZQV6,96.1100,375-40035
2026-09-26,2026-10-28,375-400 (Current),35.8,31.4,42.4,43.1,0,ZQV6,96.1100,375-40035
2026-09-26,2026-10-28,400-425,64.2,68.6,57.6,8.9,1,ZQV6,96.1100,375-40035
2026-09-26,2026-12-09,350-375,0,0,0,27.2,0,ZQZ6,95.8200,375-4007
2026-09-26,2026-12-09,375-400 (Current),7.3,6.4,9.9,45.2,0,ZQZ6,95.8200,375-4007
2026-09-26,2026-12-09,400-425,41.6,39,46,23.8,0,ZQZ6,95.8200,375-4007
2026-09-26,2026-12-09,425-450,51,54.6,44.1,3.9,1,ZQZ6,95.8200,375-4007
2026-09-26,2027-01-27,350-375,0,0,0,21.5,0,ZQF7,95.7500,375-4003
2026-09-26,2027-01-27,375-400 (Current),3.6,3.2,5.8,41.5,0,ZQF7,95.7500,375-4003
2026-09-26,2027-01-27,400-425,24.3,22.6,31.1,28.2,0,ZQF7,95.7500,375-4003
2026-09-26,2027-01-27,425-450,46.3,46.7,44.9,8,1,ZQF7,95.7500,375-4003
2026-09-26,2027-01-27,450-475,25.8,27.6,18.2,0.8,0,ZQF7,95.7500,375-4003
2026-09-26,2027-03-17,350-375,0,0,0,15.6,0,ZQH7,95.5600,375-4001
2026-09-26,2027-03-17,375-400 (Current),1.2,0.9,2,36,0,ZQH7,95.5600,375-4001
2026-09-26,2027-03-17,400-425,10.3,8.7,14.4,31.8,0,ZQH7,95.5600,375-4001
2026-09-26,2027-03-17,425-450,31.4,29.5,35.8,13.5,0,ZQH7,95.5600,375-4001
2026-09-26,2027-03-17,450-475,39.6,41.2,35.8,2.8,1,ZQH7,95.5600,375-4001
2026-09-26,2027-03-17,475-500,17.4,19.7,12,0.2,0,ZQH7,95.5600,375-4001
2026-09-26,2027-04-28,350-375,0,0,0,14.3,0,ZQJ7,95.4650,375-4000
2026-09-26,2027-04-28,375-400 (Current),0.7,0.6,1.4,34.3,0,ZQJ7,95.4650,375-4000
2026-09-26,2027-04-28,400-425,7,5.7,10.7,32.2,0,ZQJ7,95.4650,375-4000
2026-09-26,2027-04-28,425-450,23.7,21.5,29.4,15.1,0,ZQJ7,95.4650,375-4000
2026-09-26,2027-04-28,450-475,36.6,36.7,35.8,3.7,1,ZQJ7,95.4650,375-4000
2026-09-26,2027-04-28,475-500,25.5,28,19.2,0.4,0,ZQJ7,95.4650,375-4000
2026-09-26,2027-04-28,500-525,6.3,7.6,3.6,0,0,ZQJ7,95.4650,375-4000
2026-09-26,2027-06-09,350-375,0,0,0,12.6,0,ZQM7,95.3150,375-4000
2026-09-26,2027-06-09,375-400 (Current),0.5,0.3,0.9,31.9,0,ZQM7,95.3150,375-4000
2026-09-26,2027-06-09,400-425,4.6,3.6,7.6,32.4,0,ZQM7,95.3150,375-4000
2026-09-26,2027-06-09,425-450,17.2,15,23.2,17.1,0,ZQM7,95.3150,375-4000
2026-09-26,2027-06-09,450-475,31.6,30.5,33.7,5.1,1,ZQM7,95.3150,375-4000
2026-09-26,2027-06-09,475-500,29.8,31.5,24.7,0.8,0,ZQM7,95.3150,375-4000
2026-09-26,2027-06-09,500-525,13.8,15.9,8.8,0.1,0,ZQM7,95.3150,375-4000
2026-09-26,2027-06-09,525-550,2.5,3.1,1.2,0,0,ZQM7,95.3150,375-4000
2026-09-26,2027-07-28,350-375,0,0,0,12.6,0,ZQN7,95.2800,375-4000
2026-09-26,2027-07-28,375-400 (Current),0.4,0.3,0.8,31.9,0,ZQN7,95.2800,375-4000
2026-09-26,2027-07-28,400-425,4.1,3.2,7,32.4,0,ZQN7,95.2800,375-4000
2026-09-26,2027-07-28,425-450,15.8,13.5,21.8,17.1,0,ZQN7,95.2800,375-4000
2026-09-26,2027-07-28,450-475,30,28.4,32.7,5.1,1,ZQN7,95.2800,375-4000
2026-09-26,2027-07-28,475-500,30,31.4,25.5,0.8,1,ZQN7,95.2800,375-4000
2026-09-26,2027-07-28,500-525,15.6,18,10.2,0.1,0,ZQN7,95.2800,375-4000
2026-09-26,2027-07-28,525-550,3.7,4.8,1.9,0,0,ZQN7,95.2800,375-4000
2026-09-26,2027-07-28,550-575,0.3,0.4,0.1,0,0,ZQN7,95.2800,375-4000
2026-09-26,2027-09-15,350-375,0,0,0,12.6,0,ZQU7,95.2400,375-4000
2026-09-26,2027-09-15,375-400 (Current),0.4,0.3,0.8,31.9,0,ZQU7,95.2400,375-4000
2026-09-26,2027-09-15,400-425,3.7,2.8,6.6,32.4,0,ZQU7,95.2400,375-4000
2026-09-26,2027-09-15,425-450,14.4,12.3,20.8,17.1,0,ZQU7,95.2400,375-4000
2026-09-26,2027-09-15,450-475,28.3,26.7,32,5.1,0,ZQU7,95.2400,375-4000
2026-09-26,2027-09-15,475-500,30,31.1,26,0.8,1,ZQU7,95.2400,375-4000
2026-09-26,2027-09-15,500-525,17.3,19.5,11.2,0.1,0,ZQU7,95.2400,375-4000
2026-09-26,2027-09-15,525-550,5.1,6.3,2.4,0,0,ZQU7,95.2400,375-4000
2026-09-26,2027-09-15,550-575,0.7,0.9,0.2,0,0,ZQU7,95.2400,375-4000
2026-09-26,2027-10-27,375-400 (Current),0.4,0.2,1.1,0,0,ZQV7,95.2250,375-4000
2026-09-26,2027-10-27,400-425,3.7,2.8,7.2,0,0,ZQV7,95.2250,375-4000
2026-09-26,2027-10-27,425-450,14.4,12.1,21.3,0,0,ZQV7,95.2250,375-4000
2026-09-26,2027-10-27,450-475,28.3,26.4,31.7,0,0,ZQV7,95.2250,375-4000
2026-09-26,2027-10-27,475-500,30,31,25.3,0,1,ZQV7,95.2250,375-4000
2026-09-26,2027-10-27,500-525,17.3,19.8,10.8,0,0,ZQV7,95.2250,375-4000
2026-09-26,2027-10-27,525-550,5.1,6.6,2.3,0,0,ZQV7,95.2250,375-4000
2026-09-26,2027-10-27,550-575,0.7,1,0.2,0,0,ZQV7,95.2250,375-4000
2026-09-26,2027-10-27,575-600,0,0.1,0,0,0,ZQV7,95.2250,375-4000
2026-09-26,2027-12-08,375-400 (Current),0.6,0,0,0,0,ZQZ7,95.2400,375-4000
2026-09-26,2027-12-08,400-425,4.5,0,0,0,0,ZQZ7,95.2400,375-4000
2026-09-26,2027-12-08,425-450,15.5,0,0,0,0,ZQZ7,95.2400,375-4000
2026-09-26,2027-12-08,450-475,28.5,0,0,0,0,ZQZ7,95.2400,375-4000
2026-09-26,2027-12-08,475-500,29,0,0,0,1,ZQZ7,95.2400,375-4000
2026-09-26,2027-12-08,500-525,16.3,0,0,0,0,ZQZ7,95.2400,375-4000
2026-09-26,2027-12-08,525-550,4.8,0,0,0,0,ZQZ7,95.2400,375-4000
2026-09-26,2027-12-08,550-575,0.6,0,0,0,0,ZQZ7,95.2400,375-4000
2026-09-27,2026-10-28,350-375,0,0,0,47.4,0,ZQV6,96.1100,375-40035
2026-09-27,2026-10-28,375-400 (Current),35.8,35.8,42.4,43.2,0,ZQV6,96.1100,375-40035
2026-09-27,2026-10-28,400-425,64.2,64.2,57.6,9.4,1,ZQV6,96.1100,375-40035
2026-09-27,2026-12-09,350-375,0,0,0,25.9,0,ZQZ6,95.8200,375-4007
2026-09-27,2026-12-09,375-400 (Current),7.3,7.3,9.9,45.1,0,ZQZ6,95.8200,375-4007
2026-09-27,2026-12-09,400-425,41.6,41.6,46,24.7,0,ZQZ6,95.8200,375-4007
2026-09-27,2026-12-09,425-450,51,51,44.1,4.3,1,ZQZ6,95.8200,375-4007
2026-09-27,2027-01-27,350-375,0,0,0,20.6,0,ZQF7,95.7500,375-4003
2026-09-27,2027-01-27,375-400 (Current),3.6,3.6,5.8,41.1,0,ZQF7,95.7500,375-4003
2026-09-27,2027-01-27,400-425,24.3,24.3,31.1,28.9,0,ZQF7,95.7500,375-4003
2026-09-27,2027-01-27,425-450,46.3,46.3,44.9,8.5,1,ZQF7,95.7500,375-4003
2026-09-27,2027-01-27,450-475,25.8,25.8,18.2,0.9,0,ZQF7,95.7500,375-4003
2026-09-27,2027-03-17,350-375,0,0,0,14.5,0,ZQH7,95.5600,375-4001
2026-09-27,2027-03-17,375-400 (Current),1.2,1.2,2,35.1,0,ZQH7,95.5600,375-4001
2026-09-27,2027-03-17,400-425,10.3,10.3,14.4,32.5,0,ZQH7,95.5600,375-4001
2026-09-27,2027-03-17,425-450,31.4,31.4,35.8,14.5,0,ZQH7,95.5600,375-4001
2026-09-27,2027-03-17,450-475,39.6,39.6,35.8,3.1,1,ZQH7,95.5600,375-4001
2026-09-27,2027-03-17,475-500,17.4,17.4,12,0.3,0,ZQH7,95.5600,375-4001
2026-09-27,2027-04-28,350-375,0,0,0,13,0,ZQJ7,95.4650,375-4000
2026-09-27,2027-04-28,375-400 (Current),0.7,0.7,1.4,32.9,0,ZQJ7,95.4650,375-4000
2026-09-27,2027-04-28,400-425,7,7,10.7,32.8,0,ZQJ7,95.4650,375-4000
2026-09-27,2027-04-28,425-450,23.7,23.7,29.4,16.4,0,ZQJ7,95.4650,375-4000
2026-09-27,2027-04-28,450-475,36.6,36.6,35.8,4.3,1,ZQJ7,95.4650,375-4000
2026-09-27,2027-04-28,475-500,25.5,25.5,19.2,0.6,0,ZQJ7,95.4650,375-4000
2026-09-27,2027-04-28,500-525,6.3,6.3,3.6,0,0,ZQJ7,95.4650,375-4000
2026-09-27,2027-06-09,350-375,0,0,0,11.4,0,ZQM7,95.3150,375-4000
2026-09-27,2027-06-09,375-400 (Current),0.5,0.5,0.9,30.5,0,ZQM7,95.3150,375-4000
2026-09-27,2027-06-09,400-425,4.6,4.6,7.6,32.8,0,ZQM7,95.3150,375-4000
2026-09-27,2027-06-09,425-450,17.2,17.2,23.2,18.4,0,ZQM7,95.3150,375-4000
2026-09-27,2027-06-09,450-475,31.6,31.6,33.7,5.8,1,ZQM7,95.3150,375-4000
2026-09-27,2027-06-09,475-500,29.8,29.8,24.7,1,0,ZQM7,95.3150,375-4000
2026-09-27,2027-06-09,500-525,13.8,13.8,8.8,0.1,0,ZQM7,95.3150,375-4000
2026-09-27,2027-06-09,525-550,2.5,2.5,1.2,0,0,ZQM7,95.3150,375-4000
2026-09-27,2027-07-28,350-375,0,0,0,11.4,0,ZQN7,95.2800,375-4000
2026-09-27,2027-07-28,375-400 (Current),0.4,0.4,0.8,30.5,0,ZQN7,95.2800,375-4000
2026-09-27,2027-07-28,400-425,4.1,4.1,7,32.8,0,ZQN7,95.2800,375-4000
2026-09-27,2027-07-28,425-450,15.8,15.8,21.8,18.4,0,ZQN7,95.2800,375-4000
2026-09-27,2027-07-28,450-475,30,30,32.7,5.8,1,ZQN7,95.2800,375-4000
2026-09-27,2027-07-28,475-500,30,30,25.5,1,1,ZQN7,95.2800,375-4000
2026-09-27,2027-07-28,500-525,15.6,15.6,10.2,0.1,0,ZQN7,95.2800,375-4000
2026-09-27,2027-07-28,525-550,3.7,3.7,1.9,0,0,ZQN7,95.2800,375-4000
2026-09-27,2027-07-28,550-575,0.3,0.3,0.1,0,0,ZQN7,95.2800,375-4000
2026-09-27,2027-09-15,350-375,0,0,0,11.4,0,ZQU7,95.2400,375-4000
2026-09-27,2027-09-15,375-400 (Current),0.4,0.4,0.8,30.5,0,ZQU7,95.2400,375-4000
2026-09-27,2027-09-15,400-425,3.7,3.7,6.6,32.8,0,ZQU7,95.2400,375-4000
2026-09-27,2027-09-15,425-450,14.4,14.4,20.8,18.4,0,ZQU7,95.2400,375-4000
2026-09-27,2027-09-15,450-475,28.3,28.3,32,5.8,0,ZQU7,95.2400,375-4000
2026-09-27,2027-09-15,475-500,30,30,26,1,1,ZQU7,95.2400,375-4000
2026-09-27,2027-09-15,500-525,17.3,17.3,11.2,0.1,0,ZQU7,95.2400,375-4000
2026-09-27,2027-09-15,525-550,5.1,5.1,2.4,0,0,ZQU7,95.2400,375-4000
2026-09-27,2027-09-15,550-575,0.7,0.7,0.2,0,0,ZQU7,95.2400,375-4000
2026-09-27,2027-10-27,375-400 (Current),0.4,0.4,1.1,0,0,ZQV7,95.2250,375-4000
2026-09-27,2027-10-27,400-425,3.7,3.7,7.2,0,0,ZQV7,95.2250,375-4000
2026-09-27,2027-10-27,425-450,14.4,14.4,21.3,0,0,ZQV7,95.2250,375-4000
2026-09-27,2027-10-27,450-475,28.3,28.3,31.7,0,0,ZQV7,95.2250,375-4000
2026-09-27,2027-10-27,475-500,30,30,25.3,0,1,ZQV7,95.2250,375-4000
2026-09-27,2027-10-27,500-525,17.3,17.3,10.8,0,0,ZQV7,95.2250,375-4000
2026-09-27,2027-10-27,525-550,5.1,5.1,2.3,0,0,ZQV7,95.2250,375-4000
2026-09-27,2027-10-27,550-575,0.7,0.7,0.2,0,0,ZQV7,95.2250,375-4000
2026-09-27,2027-12-08,375-400 (Current),0.6,0,0,0,0,ZQZ7,95.2400,375-4000
2026-09-27,2027-12-08,400-425,4.5,0,0,0,0,ZQZ7,95.2400,375-4000
2026-09-27,2027-12-08,425-450,15.5,0,0,0,0,ZQZ7,95.2400,375-4000
2026-09-27,2027-12-08,450-475,28.5,0,0,0,0,ZQZ7,95.2400,375-4000
2026-09-27,2027-12-08,475-500,29,0,0,0,1,ZQZ7,95.2400,375-4000
2026-09-27,2027-12-08,500-525,16.3,0,0,0,0,ZQZ7,95.2400,375-4000
2026-09-27,2027-12-08,525-550,4.8,0,0,0,0,ZQZ7,95.2400,375-4000
2026-09-27,2027-12-08,550-575,0.6,0,0,0,0,ZQZ7,95.2400,375-4000
2026-09-28,2026-10-28,350-375,0,0,0,29.7,0,ZQV6,96.1063,375-40029
2026-09-28,2026-10-28,375-400 (Current),29.7,35.8,42.4,52.7,0,ZQV6,96.1063,375-40029
2026-09-28,2026-10-28,400-425,70.3,64.2,57.6,17.7,1,ZQV6,96.1063,375-40029
2026-09-28,2026-12-09,350-375,0,0,0,11.1,0,ZQZ6,95.8025,375-4005
2026-09-28,2026-12-09,375-400 (Current),5.6,7.3,9.9,38.3,0,ZQZ6,95.8025,375-4005
2026-09-28,2026-12-09,400-425,37.3,41.6,46,39.5,0,ZQZ6,95.8025,375-4005
2026-09-28,2026-12-09,425-450,57.1,51,44.1,11,1,ZQZ6,95.8025,375-4005
2026-09-28,2027-01-27,350-375,0,0,0,8.1,0,ZQF7,95.7275,375-4002
2026-09-28,2027-01-27,375-400 (Current),2.6,3.6,5.8,30.8,0,ZQF7,95.7275,375-4002
2026-09-28,2027-01-27,400-425,20.6,24.3,31.1,39.2,0,ZQF7,95.7275,375-4002
2026-09-28,2027-01-27,425-450,46.7,46.3,44.9,18.9,1,ZQF7,95.7275,375-4002
2026-09-28,2027-01-27,450-475,30.1,25.8,18.2,3,0,ZQF7,95.7275,375-4002
2026-09-28,2027-03-17,350-375,0,0,0,5.1,0,ZQH7,95.5275,375-4000
2026-09-28,2027-03-17,375-400 (Current),0.8,1.2,2,22.4,0,ZQH7,95.5275,375-4000
2026-09-28,2027-03-17,400-425,8,10.3,14.4,36.1,0,ZQH7,95.5275,375-4000
2026-09-28,2027-03-17,425-450,28.3,31.4,35.8,26.4,0,ZQH7,95.5275,375-4000
2026-09-28,2027-03-17,450-475,41.8,39.6,35.8,8.9,1,ZQH7,95.5275,375-4000
2026-09-28,2027-03-17,475-500,21.2,17.4,12,1.1,0,ZQH7,95.5275,375-4000
2026-09-28,2027-04-28,350-375,0,0,0,4.4,0,ZQJ7,95.4300,375-4000
2026-09-28,2027-04-28,375-400 (Current),0.5,0.7,1.3,20.1,0,ZQJ7,95.4300,375-4000
2026-09-28,2027-04-28,400-425,5.1,7,10.4,34.3,0,ZQJ7,95.4300,375-4000
2026-09-28,2027-04-28,425-450,20.2,23.7,28.9,27.7,0,ZQJ7,95.4300,375-4000
2026-09-28,2027-04-28,450-475,36.4,36.6,35.8,11.2,1,ZQJ7,95.4300,375-4000
2026-09-28,2027-04-28,475-500,29.4,25.5,19.7,2.1,0,ZQJ7,95.4300,375-4000
2026-09-28,2027-04-28,500-525,8.4,6.3,3.9,0.1,0,ZQJ7,95.4300,375-4000
2026-09-28,2027-06-09,350-375,0,0,0,3.9,0,ZQM7,95.2725,375-4000
2026-09-28,2027-06-09,375-400 (Current),0.3,0.5,0.9,18.3,0,ZQM7,95.2725,375-4000
2026-09-28,2027-06-09,400-425,3.3,4.6,7.4,32.6,0,ZQM7,95.2725,375-4000
2026-09-28,2027-06-09,425-450,14.4,17.2,22.8,28.5,0,ZQM7,95.2725,375-4000
2026-09-28,2027-06-09,450-475,30.2,31.6,33.5,13.2,0,ZQM7,95.2725,375-4000
2026-09-28,2027-06-09,475-500,32.1,29.8,25,3.2,1,ZQM7,95.2725,375-4000
2026-09-28,2027-06-09,500-525,16.5,13.8,9.1,0.4,0,ZQM7,95.2725,375-4000
2026-09-28,2027-06-09,525-550,3.3,2.5,1.3,0,0,ZQM7,95.2725,375-4000
2026-09-28,2027-07-28,350-375,0,0,0,3.9,0,ZQN7,95.2375,375-4000
2026-09-28,2027-07-28,375-400 (Current),0.3,0.4,0.8,18.3,0,ZQN7,95.2375,375-4000
2026-09-28,2027-07-28,400-425,2.9,4.1,6.8,32.6,0,ZQN7,95.2375,375-4000
2026-09-28,2027-07-28,425-450,12.9,15.8,21.4,28.5,0,ZQN7,95.2375,375-4000
2026-09-28,2027-07-28,450-475,28.1,30,32.6,13.2,0,ZQN7,95.2375,375-4000
2026-09-28,2027-07-28,475-500,31.8,30,25.8,3.2,1,ZQN7,95.2375,375-4000
2026-09-28,2027-07-28,500-525,18.6,15.6,10.5,0.4,0,ZQN7,95.2375,375-4000
2026-09-28,2027-07-28,525-550,5,3.7,2,0,0,ZQN7,95.2375,375-4000
2026-09-28,2027-07-28,550-575,0.4,0.3,0.1,0,0,ZQN7,95.2375,375-4000
2026-09-28,2027-09-15,350-375,0,0,0,3.9,0,ZQU7,95.1950,375-4000
2026-09-28,2027-09-15,375-400 (Current),0.2,0.4,0.8,18.3,0,ZQU7,95.1950,375-4000
2026-09-28,2027-09-15,400-425,2.6,3.7,6.4,32.6,0,ZQU7,95.1950,375-4000
2026-09-28,2027-09-15,425-450,11.8,14.4,20.5,28.5,0,ZQU7,95.1950,375-4000
2026-09-28,2027-09-15,450-475,26.4,28.3,31.8,13.2,0,ZQU7,95.1950,375-4000
2026-09-28,2027-09-15,475-500,31.4,30,26.2,3.2,1,ZQU7,95.1950,375-4000
2026-09-28,2027-09-15,500-525,20,17.3,11.5,0.4,0,ZQU7,95.1950,375-4000
2026-09-28,2027-09-15,525-550,6.5,5.1,2.5,0,0,ZQU7,95.1950,375-4000
2026-09-28,2027-09-15,550-575,0.9,0.7,0.2,0,0,ZQU7,95.1950,375-4000
2026-09-28,2027-10-27,375-400 (Current),0.2,0.4,1,0,0,ZQV7,95.1800,375-4000
2026-09-28,2027-10-27,400-425,2.6,3.7,7.1,0,0,ZQV7,95.1800,375-4000
2026-09-28,2027-10-27,425-450,11.7,14.4,21,0,0,ZQV7,95.1800,375-4000
2026-09-28,2027-10-27,450-475,26.2,28.3,31.6,0,0,ZQV7,95.1800,375-4000
2026-09-28,2027-10-27,475-500,31.4,30,25.5,0,1,ZQV7,95.1800,375-4000
2026-09-28,2027-10-27,500-525,20.2,17.3,11.1,0,0,ZQV7,95.1800,375-4000
2026-09-28,2027-10-27,525-550,6.6,5.1,2.4,0,0,ZQV7,95.1800,375-4000
2026-09-28,2027-10-27,550-575,1,0.7,0.2,0,0,ZQV7,95.1800,375-4000
2026-09-28,2027-10-27,575-600,0.1,0,0,0,0,ZQV7,95.1800,375-4000
2026-09-28,2027-12-08,375-400 (Current),0.5,0,0,0,0,ZQZ7,95.1975,375-4000
2026-09-28,2027-12-08,400-425,3.6,0,0,0,0,ZQZ7,95.1975,375-4000
2026-09-28,2027-12-08,425-450,13.3,0,0,0,0,ZQZ7,95.1975,375-4000
2026-09-28,2027-12-08,450-475,26.8,0,0,0,0,ZQZ7,95.1975,375-4000
2026-09-28,2027-12-08,475-500,30.2,0,0,0,1,ZQZ7,95.1975,375-4000
2026-09-28,2027-12-08,500-525,18.7,0,0,0,0,ZQZ7,95.1975,375-4000
2026-09-28,2027-12-08,525-550,6,0,0,0,0,ZQZ7,95.1975,375-4000
2026-09-28,2027-12-08,550-575,0.9,0,0,0,0,ZQZ7,95.1975,375-4000
2026-09-28,2027-12-08,575-600,0.1,0,0,0,0,ZQZ7,95.1975,375-4000
2026-09-29,2026-10-28,350-375,0,0,0,29.7,0,ZQV6,96.1063,375-40029
2026-09-29,2026-10-28,375-400 (Current),29.7,35.8,44.6,52.7,0,ZQV6,96.1063,375-40029
2026-09-29,2026-10-28,400-425,70.3,64.2,55.4,17.7,1,ZQV6,96.1063,375-40029
2026-09-29,2026-12-09,350-375,0,0,0,11.1,0,ZQZ6,95.7925,375-4004
2026-09-29,2026-12-09,375-400 (Current),4.5,7.3,10.5,38.3,0,ZQZ6,95.7925,375-4004
2026-09-29,2026-12-09,400-425,35.8,41.6,47.2,39.5,0,ZQZ6,95.7925,375-4004
2026-09-29,2026-12-09,425-450,59.7,51,42.3,11,1,ZQZ6,95.7925,375-4004
2026-09-29,2027-01-27,350-375,0,0,0,8.1,0,ZQF7,95.7175,375-4002
2026-09-29,2027-01-27,375-400 (Current),2,3.6,5.9,30.8,0,ZQF7,95.7175,375-4002
2026-09-29,2027-01-27,400-425,18.6,24.3,31.2,39.2,0,ZQF7,95.7175,375-4002
2026-09-29,2027-01-27,425-450,46.5,46.3,44.4,18.9,1,ZQF7,95.7175,375-4002
2026-09-29,2027-01-27,450-475,32.9,25.8,18.4,3,0,ZQF7,95.7175,375-4002
2026-09-29,2027-03-17,350-375,0,0,0,5.1,0,ZQH7,95.5125,375-4000
2026-09-29,2027-03-17,375-400 (Current),0.6,1.2,2.1,22.4,0,ZQH7,95.5125,375-4000
2026-09-29,2027-03-17,400-425,6.6,10.3,15.1,36.1,0,ZQH7,95.5125,375-4000
2026-09-29,2027-03-17,425-450,26.3,31.4,36,26.4,0,ZQH7,95.5125,375-4000
2026-09-29,2027-03-17,450-475,42.8,39.6,35,8.9,1,ZQH7,95.5125,375-4000
2026-09-29,2027-03-17,475-500,23.8,17.4,11.8,1.1,0,ZQH7,95.5125,375-4000
2026-09-29,2027-04-28,350-375,0,0,0,4.4,0,ZQJ7,95.4100,375-4000
2026-09-29,2027-04-28,375-400 (Current),0.3,0.7,1.5,20.1,0,ZQJ7,95.4100,375-4000
2026-09-29,2027-04-28,400-425,4.1,7,10.9,34.3,0,ZQJ7,95.4100,375-4000
2026-09-29,2027-04-28,425-450,18.3,23.7,29.3,27.7,0,ZQJ7,95.4100,375-4000
2026-09-29,2027-04-28,450-475,36.1,36.6,35.3,11.2,1,ZQJ7,95.4100,375-4000
2026-09-29,2027-04-28,475-500,31.5,25.5,19.3,2.1,0,ZQJ7,95.4100,375-4000
2026-09-29,2027-04-28,500-525,9.7,6.3,3.8,0.1,0,ZQJ7,95.4100,375-4000
2026-09-29,2027-06-09,350-375,0,0,0,3.9,0,ZQM7,95.2425,375-4000
2026-09-29,2027-06-09,375-400 (Current),0.2,0.5,1,18.3,0,ZQM7,95.2425,375-4000
2026-09-29,2027-06-09,400-425,2.6,4.6,7.8,32.6,0,ZQM7,95.2425,375-4000
2026-09-29,2027-06-09,425-450,12.4,17.2,23.2,28.5,0,ZQM7,95.2425,375-4000
2026-09-29,2027-06-09,450-475,28.6,31.6,33.3,13.2,0,ZQM7,95.2425,375-4000
2026-09-29,2027-06-09,475-500,33.4,29.8,24.6,3.2,1,ZQM7,95.2425,375-4000
2026-09-29,2027-06-09,500-525,18.8,13.8,8.9,0.4,0,ZQM7,95.2425,375-4000
2026-09-29,2027-06-09,525-550,4,2.5,1.3,0,0,ZQM7,95.2425,375-4000
2026-09-29,2027-07-28,350-375,0,0,0,3.9,0,ZQN7,95.2075,375-4000
2026-09-29,2027-07-28,375-400 (Current),0.2,0.4,0.9,18.3,0,ZQN7,95.2075,375-4000
2026-09-29,2027-07-28,400-425,2.2,4.1,7.2,32.6,0,ZQN7,95.2075,375-4000
2026-09-29,2027-07-28,425-450,11.1,15.8,21.8,28.5,0,ZQN7,95.2075,375-4000
2026-09-29,2027-07-28,450-475,26.5,30,32.4,13.2,0,ZQN7,95.2075,375-4000
2026-09-29,2027-07-28,475-500,32.8,30,25.4,3.2,1,ZQN7,95.2075,375-4000
2026-09-29,2027-07-28,500-525,20.7,15.6,10.3,0.4,0,ZQN7,95.2075,375-4000
2026-09-29,2027-07-28,525-550,6,3.7,1.9,0,0,ZQN7,95.2075,375-4000
2026-09-29,2027-07-28,550-575,0.5,0.3,0.1,0,0,ZQN7,95.2075,375-4000
2026-09-29,2027-09-15,350-375,0,0,0,3.9,0,ZQU7,95.1600,375-4000
2026-09-29,2027-09-15,375-400 (Current),0.1,0.4,0.8,18.3,0,ZQU7,95.1600,375-4000
2026-09-29,2027-09-15,400-425,2,3.7,6.8,32.6,0,ZQU7,95.1600,375-4000
2026-09-29,2027-09-15,425-450,9.9,14.4,20.9,28.5,0,ZQU7,95.1600,375-4000
2026-09-29,2027-09-15,450-475,24.4,28.3,31.8,13.2,0,ZQU7,95.1600,375-4000
2026-09-29,2027-09-15,475-500,31.9,30,25.8,3.2,1,ZQU7,95.1600,375-4000
2026-09-29,2027-09-15,500-525,22.4,17.3,11.2,0.4,0,ZQU7,95.1600,375-4000
2026-09-29,2027-09-15,525-550,8,5.1,2.5,0,0,ZQU7,95.1600,375-4000
2026-09-29,2027-09-15,550-575,1.3,0.7,0.2,0,0,ZQU7,95.1600,375-4000
2026-09-29,2027-09-15,575-600,0.1,0,0,0,0,ZQU7,95.1600,375-4000
2026-09-29,2027-10-27,375-400 (Current),0.1,0.4,1,0,0,ZQV7,95.1425,375-4000
2026-09-29,2027-10-27,400-425,1.9,3.7,7.1,0,0,ZQV7,95.1425,375-4000
2026-09-29,2027-10-27,425-450,9.8,14.4,21.1,0,0,ZQV7,95.1425,375-4000
2026-09-29,2027-10-27,450-475,24.2,28.3,31.6,0,0,ZQV7,95.1425,375-4000
2026-09-29,2027-10-27,475-500,31.8,30,25.5,0,1,ZQV7,95.1425,375-4000
2026-09-29,2027-10-27,500-525,22.5,17.3,11,0,0,ZQV7,95.1425,375-4000
2026-09-29,2027-10-27,525-550,8.2,5.1,2.4,0,0,ZQV7,95.1425,375-4000
2026-09-29,2027-10-27,550-575,1.4,0.7,0.2,0,0,ZQV7,95.1425,375-4000
2026-09-29,2027-10-27,575-600,0.1,0,0,0,0,ZQV7,95.1425,375-4000
2026-09-29,2027-12-08,375-400 (Current),0.4,0,0,0,0,ZQZ7,95.1625,375-4000
2026-09-29,2027-12-08,400-425,2.9,0,0,0,0,ZQZ7,95.1625,375-4000
2026-09-29,2027-12-08,425-450,11.5,0,0,0,0,ZQZ7,95.1625,375-4000
2026-09-29,2027-12-08,450-475,25.1,0,0,0,0,ZQZ7,95.1625,375-4000
2026-09-29,2027-12-08,475-500,30.7,0,0,0,1,ZQZ7,95.1625,375-4000
2026-09-29,2027-12-08,500-525,20.8,0,0,0,0,ZQZ7,95.1625,375-4000
2026-09-29,2027-12-08,525-550,7.4,0,0,0,0,ZQZ7,95.1625,375-4000
2026-09-29,2027-12-08,550-575,1.2,0,0,0,0,ZQZ7,95.1625,375-4000
2026-09-29,2027-12-08,575-600,0.1,0,0,0,0,ZQZ7,95.1625,375-4000
2026-09-30,2026-10-28,350-375,0,0,0,29.7,0,ZQV6,96.1088,375-40057
2026-09-30,2026-10-28,375-400 (Current),57.4,29.1,29.1,52.7,1,ZQV6,96.1088,375-40057
2026-09-30,2026-10-28,400-425,42.6,70.9,70.9,17.7,0,ZQV6,96.1088,375-40057
2026-09-30,2026-12-09,350-375,0,0,0,11.1,0,ZQZ6,95.8625,375-4009
2026-09-30,2026-12-09,375-400 (Current),9.7,5,6.6,38.3,0,ZQZ6,95.8625,375-4009
2026-09-30,2026-12-09,400-425,54.9,36.3,38.5,39.5,1,ZQZ6,95.8625,375-4009
2026-09-30,2026-12-09,425-450,35.4,58.7,54.9,11,0,ZQZ6,95.8625,375-4009
2026-09-30,2027-01-27,350-375,0,0,0,8.1,0,ZQF7,95.7875,375-4004
2026-09-30,2027-01-27,375-400 (Current),4.4,2.2,3.2,30.8,0,ZQF7,95.7875,375-4004
2026-09-30,2027-01-27,400-425,30,19,22.4,39.2,0,ZQF7,95.7875,375-4004
2026-09-30,2027-01-27,425-450,46.1,46.4,46.6,18.9,1,ZQF7,95.7875,375-4004
2026-09-30,2027-01-27,450-475,19.5,32.4,27.7,3,0,ZQF7,95.7875,375-4004
2026-09-30,2027-03-17,350-375,0,0,0,5.1,0,ZQH7,95.5825,375-4001
2026-09-30,2027-03-17,375-400 (Current),1.2,0.6,1.1,22.4,0,ZQH7,95.5825,375-4001
2026-09-30,2027-03-17,400-425,11.5,7.1,9.5,36.1,0,ZQH7,95.5825,375-4001
2026-09-30,2027-03-17,425-450,34.5,26.9,30.3,26.4,0,ZQH7,95.5825,375-4001
2026-09-30,2027-03-17,450-475,38.7,42.3,40.5,8.9,1,ZQH7,95.5825,375-4001
2026-09-30,2027-03-17,475-500,14.1,23.1,18.7,1.1,0,ZQH7,95.5825,375-4001
2026-09-30,2027-04-28,350-375,0,0,0,4.4,0,ZQJ7,95.4825,375-4000
2026-09-30,2027-04-28,375-400 (Current),0.7,0.4,0.6,20.1,0,ZQJ7,95.4825,375-4000
2026-09-30,2027-04-28,400-425,7.2,4.4,6.2,34.3,0,ZQJ7,95.4825,375-4000
2026-09-30,2027-04-28,425-450,24.9,18.8,22.3,27.7,0,ZQJ7,95.4825,375-4000
2026-09-30,2027-04-28,450-475,36.9,36,36.5,11.2,1,ZQJ7,95.4825,375-4000
2026-09-30,2027-04-28,475-500,24.3,30.9,27.1,2.1,0,ZQJ7,95.4825,375-4000
2026-09-30,2027-04-28,500-525,5.9,9.4,7.2,0.1,0,ZQJ7,95.4825,375-4000
2026-09-30,2027-06-09,350-375,0,0,0,3.9,0,ZQM7,95.3075,375-4000
2026-09-30,2027-06-09,375-400 (Current),0.4,0.2,0.4,18.3,0,ZQM7,95.3075,375-4000
2026-09-30,2027-06-09,400-425,4.5,2.8,4,32.6,0,ZQM7,95.3075,375-4000
2026-09-30,2027-06-09,425-450,17.4,13,15.8,28.5,0,ZQM7,95.3075,375-4000
2026-09-30,2027-06-09,450-475,31.8,29,30.8,13.2,1,ZQM7,95.3075,375-4000
2026-09-30,2027-06-09,475-500,29.7,33,30.9,3.2,0,ZQM7,95.3075,375-4000
2026-09-30,2027-06-09,500-525,13.7,18.2,15.3,0.4,0,ZQM7,95.3075,375-4000
2026-09-30,2027-06-09,525-550,2.5,3.8,2.9,0,0,ZQM7,95.3075,375-4000
2026-09-30,2027-07-28,350-375,0,0,0,3.9,0,ZQN7,95.2725,375-4000
2026-09-30,2027-07-28,375-400 (Current),0.4,0.2,0.3,18.3,0,ZQN7,95.2725,375-4000
2026-09-30,2027-07-28,400-425,3.9,2.5,3.4,32.6,0,ZQN7,95.2725,375-4000
2026-09-30,2027-07-28,425-450,15.5,11.6,13.9,28.5,0,ZQN7,95.2725,375-4000
2026-09-30,2027-07-28,450-475,29.7,26.9,28.4,13.2,0,ZQN7,95.2725,375-4000
2026-09-30,2027-07-28,475-500,30,32.5,30.9,3.2,1,ZQN7,95.2725,375-4000
2026-09-30,2027-07-28,500-525,16.1,20.1,17.7,0.4,0,ZQN7,95.2725,375-4000
2026-09-30,2027-07-28,525-550,4.1,5.7,4.8,0,0,ZQN7,95.2725,375-4000
2026-09-30,2027-07-28,550-575,0.4,0.5,0.5,0,0,ZQN7,95.2725,375-4000
2026-09-30,2027-09-15,350-375,0,0,0,3.9,0,ZQU7,95.2225,375-4000
2026-09-30,2027-09-15,375-400 (Current),0.3,0.2,0.3,18.3,0,ZQU7,95.2225,375-4000
2026-09-30,2027-09-15,400-425,3.4,2.2,3,32.6,0,ZQU7,95.2225,375-4000
2026-09-30,2027-09-15,425-450,14,10.5,12.5,28.5,0,ZQU7,95.2225,375-4000
2026-09-30,2027-09-15,450-475,27.9,25.1,26.5,13.2,0,ZQU7,95.2225,375-4000
2026-09-30,2027-09-15,475-500,30,31.8,30.6,3.2,1,ZQU7,95.2225,375-4000
2026-09-30,2027-09-15,500-525,17.8,21.6,19.5,0.4,0,ZQU7,95.2225,375-4000
2026-09-30,2027-09-15,525-550,5.7,7.5,6.6,0,0,ZQU7,95.2225,375-4000
2026-09-30,2027-09-15,550-575,0.8,1.1,1,0,0,ZQU7,95.2225,375-4000
2026-09-30,2027-09-15,575-600,0,0.1,0.1,0,0,ZQU7,95.2225,375-4000
2026-09-30,2027-10-27,375-400 (Current),0.3,0.2,0.3,0,0,ZQV7,95.2075,375-4000
2026-09-30,2027-10-27,400-425,3.4,2.2,2.9,0,0,ZQV7,95.2075,375-4000
2026-09-30,2027-10-27,425-450,13.9,10.5,12.1,0,0,ZQV7,95.2075,375-4000
2026-09-30,2027-10-27,450-475,27.7,25.1,25.9,0,0,ZQV7,95.2075,375-4000
2026-09-30,2027-10-27,475-500,30,31.8,30.4,0,1,ZQV7,95.2075,375-4000
2026-09-30,2027-10-27,500-525,18,21.6,20,0,0,ZQV7,95.2075,375-4000
2026-09-30,2027-10-27,525-550,5.8,7.5,7.2,0,0,ZQV7,95.2075,375-4000
2026-09-30,2027-10-27,550-575,0.9,1.1,1.3,0,0,ZQV7,95.2075,375-4000
2026-09-30,2027-10-27,575-600,0.1,0.1,0.1,0,0,ZQV7,95.2075,375-4000
2026-09-30,2027-12-08,375-400 (Current),0.7,0,0,0,0,ZQZ7,95.2300,375-4000
2026-09-30,2027-12-08,400-425,4.7,0,0,0,0,ZQZ7,95.2300,375-4000
2026-09-30,2027-12-08,425-450,15.7,0,0,0,0,ZQZ7,95.2300,375-4000
2026-09-30,2027-12-08,450-475,28.1,0,0,0,0,ZQZ7,95.2300,375-4000
2026-09-30,2027-12-08,475-500,28.5,0,0,0,1,ZQZ7,95.2300,375-4000
2026-09-30,2027-12-08,500-525,16.4,0,0,0,0,ZQZ7,95.2300,375-4000
2026-09-30,2027-12-08,525-550,5.1,0,0,0,0,ZQZ7,95.2300,375-4000
2026-09-30,2027-12-08,550-575,0.8,0,0,0,0,ZQZ7,95.2300,375-4000
2026-10-01,2026-10-28,350-375,0,0,0,23.3,0,ZQV6,96.1113,375-40060
2026-10-01,2026-10-28,375-400 (Current),60.7,49.1,31.4,57.3,1,ZQV6,96.1113,375-40060
2026-10-01,2026-10-28,400-425,39.3,50.9,68.6,19.3,0,ZQV6,96.1113,375-40060
2026-10-01,2026-12-09,350-375,0,0,0,8.7,0,ZQZ6,95.8675,375-4009
2026-10-01,2026-12-09,375-400 (Current),9.4,8.4,6.4,36,0,ZQZ6,95.8675,375-4009
2026-10-01,2026-12-09,400-425,57.4,49.4,39,43.2,1,ZQZ6,95.8675,375-4009
2026-10-01,2026-12-09,425-450,33.2,42.2,54.6,12.1,0,ZQZ6,95.8675,375-4009
2026-10-01,2027-01-27,350-375,0,0,0,6.5,0,ZQF7,95.7925,375-4004
2026-10-01,2027-01-27,375-400 (Current),4,3.8,3.2,29.1,0,ZQF7,95.7925,375-4004
2026-10-01,2027-01-27,400-425,29.8,26.8,22.6,41.4,0,ZQF7,95.7925,375-4004
2026-10-01,2027-01-27,425-450,47.1,46.2,46.7,20,1,ZQF7,95.7925,375-4004
2026-10-01,2027-01-27,450-475,19.1,23.3,27.6,3.1,0,ZQF7,95.7925,375-4004
2026-10-01,2027-03-17,350-375,0,0,0,4,0,ZQH7,95.5800,375-4001
2026-10-01,2027-03-17,375-400 (Current),1,1,0.9,20.3,0,ZQH7,95.5800,375-4001
2026-10-01,2027-03-17,400-425,10.4,9.9,8.7,36.6,0,ZQH7,95.5800,375-4001
2026-10-01,2027-03-17,425-450,34.1,32,29.5,28.3,0,ZQH7,95.5800,375-4001
2026-10-01,2027-03-17,450-475,40.1,40,41.2,9.7,1,ZQH7,95.5800,375-4001
2026-10-01,2027-03-17,475-500,14.3,17,19.7,1.2,0,ZQH7,95.5800,375-4001
2026-10-01,2027-04-28,350-375,0,0,0,3.4,0,ZQJ7,95.4725,375-4000
2026-10-01,2027-04-28,375-400 (Current),0.5,0.6,0.6,17.8,0,ZQJ7,95.4725,375-4000
2026-10-01,2027-04-28,400-425,6.2,6.3,5.7,34.1,0,ZQJ7,95.4725,375-4000
2026-10-01,2027-04-28,425-450,23.5,23,21.5,29.6,0,ZQJ7,95.4725,375-4000
2026-10-01,2027-04-28,450-475,37.4,36.8,36.7,12.5,1,ZQJ7,95.4725,375-4000
2026-10-01,2027-04-28,475-500,25.9,26.4,28,2.5,0,ZQJ7,95.4725,375-4000
2026-10-01,2027-04-28,500-525,6.4,6.9,7.6,0.2,0,ZQJ7,95.4725,375-4000
2026-10-01,2027-06-09,350-375,0,0,0,2.8,0,ZQM7,95.2875,375-4000
2026-10-01,2027-06-09,375-400 (Current),0.3,0.3,0.3,15.3,0,ZQM7,95.2875,375-4000
2026-10-01,2027-06-09,400-425,3.6,3.8,3.6,31.2,0,ZQM7,95.2875,375-4000
2026-10-01,2027-06-09,425-450,15.5,15.6,15,30.4,0,ZQM7,95.2875,375-4000
2026-10-01,2027-06-09,450-475,31,30.6,30.5,15.5,0,ZQM7,95.2875,375-4000
2026-10-01,2027-06-09,475-500,31.2,31,31.5,4.2,1,ZQM7,95.2875,375-4000
2026-10-01,2027-06-09,500-525,15.4,15.6,15.9,0.6,0,ZQM7,95.2875,375-4000
2026-10-01,2027-06-09,525-550,3,3.1,3.1,0,0,ZQM7,95.2875,375-4000
2026-10-01,2027-07-28,350-375,0,0,0,2.7,0,ZQN7,95.2475,375-4000
2026-10-01,2027-07-28,375-400 (Current),0.2,0.3,0.3,15,0,ZQN7,95.2475,375-4000
2026-10-01,2027-07-28,400-425,2.9,3.2,3.2,30.9,0,ZQN7,95.2475,375-4000
2026-10-01,2027-07-28,425-450,13.1,13.7,13.5,30.4,0,ZQN7,95.2475,375-4000
2026-10-01,2027-07-28,450-475,27.9,28.3,28.4,15.8,0,ZQN7,95.2475,375-4000
2026-10-01,2027-07-28,475-500,31.2,31,31.4,4.5,1,ZQN7,95.2475,375-4000
2026-10-01,2027-07-28,500-525,18.6,18,18,0.7,0,ZQN7,95.2475,375-4000
2026-10-01,2027-07-28,525-550,5.4,5,4.8,0,0,ZQN7,95.2475,375-4000
2026-10-01,2027-07-28,550-575,0.6,0.5,0.4,0,0,ZQN7,95.2475,375-4000
2026-10-01,2027-09-15,350-375,0,0,0,2.7,0,ZQU7,95.1800,375-4000
2026-10-01,2027-09-15,375-400 (Current),0.2,0.2,0.3,15,0,ZQU7,95.1800,375-4000
2026-10-01,2027-09-15,400-425,2.5,2.9,2.8,30.9,0,ZQU7,95.1800,375-4000
2026-10-01,2027-09-15,425-450,11.4,12.5,12.3,30.4,0,ZQU7,95.1800,375-4000
2026-10-01,2027-09-15,450-475,25.4,26.6,26.7,15.8,0,ZQU7,95.1800,375-4000
2026-10-01,2027-09-15,475-500,30.6,30.6,31.1,4.5,1,ZQU7,95.1800,375-4000
2026-10-01,2027-09-15,500-525,20.7,19.6,19.5,0.7,0,ZQU7,95.1800,375-4000
2026-10-01,2027-09-15,525-550,7.7,6.6,6.3,0,0,ZQU7,95.1800,375-4000
2026-10-01,2027-09-15,550-575,1.4,1,0.9,0,0,ZQU7,95.1800,375-4000
2026-10-01,2027-09-15,575-600,0.1,0.1,0,0,0,ZQU7,95.1800,375-4000
2026-10-01,2027-10-27,375-400 (Current),0.2,0.2,0.2,0,0,ZQV7,95.1575,375-4000
2026-10-01,2027-10-27,400-425,2.3,2.9,2.8,0,0,ZQV7,95.1575,375-4000
2026-10-01,2027-10-27,425-450,10.9,12.5,12.1,0,0,ZQV7,95.1575,375-4000
2026-10-01,2027-10-27,450-475,24.6,26.6,26.4,0,0,ZQV7,95.1575,375-4000
2026-10-01,2027-10-27,475-500,30.3,30.6,31,0,1,ZQV7,95.1575,375-4000
2026-10-01,2027-10-27,500-525,21.3,19.6,19.8,0,0,ZQV7,95.1575,375-4000
2026-10-01,2027-10-27,525-550,8.5,6.6,6.6,0,0,ZQV7,95.1575,375-4000
2026-10-01,2027-10-27,550-575,1.8,1,1,0,0,ZQV7,95.1575,375-4000
2026-10-01,2027-10-27,575-600,0.2,0.1,0.1,0,0,ZQV7,95.1575,375-4000
2026-10-01,2027-12-08,375-400 (Current),0.4,0,0,0,0,ZQZ7,95.1625,375-4000
2026-10-01,2027-12-08,400-425,3.1,0,0,0,0,ZQZ7,95.1625,375-4000
2026-10-01,2027-12-08,425-450,12.2,0,0,0,0,ZQZ7,95.1625,375-4000
2026-10-01,2027-12-08,450-475,25.1,0,0,0,0,ZQZ7,95.1625,375-4000
2026-10-01,2027-12-08,475-500,29.5,0,0,0,1,ZQZ7,95.1625,375-4000
2026-10-01,2027-12-08,500-525,20.1,0,0,0,0,ZQZ7,95.1625,375-4000
2026-10-01,2027-12-08,525-550,7.8,0,0,0,0,ZQZ7,95.1625,375-4000
2026-10-01,2027-12-08,550-575,1.6,0,0,0,0,ZQZ7,95.1625,375-4000
2026-10-01,2027-12-08,575-600,0.2,0,0,0,0,ZQZ7,95.1625,375-4000
2026-10-02,2026-10-28,350-375,0,0,0,23.3,0,ZQV6,96.1163,375-40075
2026-10-02,2026-10-28,375-400 (Current),75.1,62.4,31.4,57.3,1,ZQV6,96.1163,375-40075
2026-10-02,2026-10-28,400-425,24.9,37.6,68.6,19.3,0,ZQV6,96.1163,375-40075
2026-10-02,2026-12-09,350-375,0,0,0,8.7,0,ZQZ6,95.9300,375-40020
2026-10-02,2026-12-09,375-400 (Current),20.6,10.5,6.4,36,0,ZQZ6,95.9300,375-40020
2026-10-02,2026-12-09,400-425,61.3,58.2,39,43.2,1,ZQZ6,95.9300,375-40020
2026-10-02,2026-12-09,425-450,18.1,31.3,54.6,12.1,0,ZQZ6,95.9300,375-40020
2026-10-02,2027-01-27,350-375,0,0,0,6.5,0,ZQF7,95.8650,375-40011
2026-10-02,2027-01-27,375-400 (Current),11.9,4.9,3.2,29.1,0,ZQF7,95.8650,375-40011
2026-10-02,2027-01-27,400-425,44,33,22.6,41.4,1,ZQF7,95.8650,375-40011
2026-10-02,2027-01-27,425-450,36.4,45.5,46.7,20,0,ZQF7,95.8650,375-40011
2026-10-02,2027-01-27,450-475,7.7,16.5,27.6,3.1,0,ZQF7,95.8650,375-40011
2026-10-02,2027-03-17,350-375,0,0,0,4,0,ZQH7,95.6950,375-4004
2026-10-02,2027-03-17,375-400 (Current),4.7,1.2,0.9,20.3,0,ZQH7,95.6950,375-4004
2026-10-02,2027-03-17,400-425,24.5,12,8.7,36.6,0,ZQH7,95.6950,375-4004
2026-10-02,2027-03-17,425-450,41,36.1,29.5,28.3,1,ZQH7,95.6950,375-4004
2026-10-02,2027-03-17,450-475,25.1,38.3,41.2,9.7,0,ZQH7,95.6950,375-4004
2026-10-02,2027-03-17,475-500,4.6,12.4,19.7,1.2,0,ZQH7,95.6950,375-4004
2026-10-02,2027-04-28,350-375,0,0,0,3.4,0,ZQJ7,95.6150,375-4003
2026-10-02,2027-04-28,375-400 (Current),3,0.7,0.6,17.8,0,ZQJ7,95.6150,375-4003
2026-10-02,2027-04-28,400-425,17.3,7.1,5.7,34.1,0,ZQJ7,95.6150,375-4003
2026-10-02,2027-04-28,425-450,35,25.3,21.5,29.6,1,ZQJ7,95.6150,375-4003
2026-10-02,2027-04-28,450-475,30.9,37.3,36.7,12.5,0,ZQJ7,95.6150,375-4003
2026-10-02,2027-04-28,475-500,12.1,24,28,2.5,0,ZQJ7,95.6150,375-4003
2026-10-02,2027-04-28,500-525,1.7,5.6,7.6,0.2,0,ZQJ7,95.6150,375-4003
2026-10-02,2027-06-09,350-375,0,0,0,2.8,0,ZQM7,95.4550,375-4001
2026-10-02,2027-06-09,375-400 (Current),1.7,0.4,0.3,15.3,0,ZQM7,95.4550,375-4001
2026-10-02,2027-06-09,400-425,11.1,4.1,3.6,31.2,0,ZQM7,95.4550,375-4001
2026-10-02,2027-06-09,425-450,27.4,16.9,15,30.4,0,ZQM7,95.4550,375-4001
2026-10-02,2027-06-09,450-475,32.7,31.7,30.5,15.5,1,ZQM7,95.4550,375-4001
2026-10-02,2027-06-09,475-500,20.2,30.2,31.5,4.2,0,ZQM7,95.4550,375-4001
2026-10-02,2027-06-09,500-525,6.2,14.1,15.9,0.6,0,ZQM7,95.4550,375-4001
2026-10-02,2027-06-09,525-550,0.7,2.6,3.1,0,0,ZQM7,95.4550,375-4001
2026-10-02,2027-07-28,350-375,0,0,0,2.7,0,ZQN7,95.4150,375-4001
2026-10-02,2027-07-28,375-400 (Current),1.2,0.3,0.3,15,0,ZQN7,95.4150,375-4001
2026-10-02,2027-07-28,400-425,8.4,3.5,3.2,30.9,0,ZQN7,95.4150,375-4001
2026-10-02,2027-07-28,425-450,22.7,14.6,13.5,30.4,0,ZQN7,95.4150,375-4001
2026-10-02,2027-07-28,450-475,31.2,29.1,28.4,15.8,1,ZQN7,95.4150,375-4001
2026-10-02,2027-07-28,475-500,23.8,30.5,31.4,4.5,0,ZQN7,95.4150,375-4001
2026-10-02,2027-07-28,500-525,10.2,17,18,0.7,0,ZQN7,95.4150,375-4001
2026-10-02,2027-07-28,525-550,2.3,4.6,4.8,0,0,ZQN7,95.4150,375-4001
2026-10-02,2027-07-28,550-575,0.2,0.5,0.4,0,0,ZQN7,95.4150,375-4001
2026-10-02,2027-09-15,350-375,0,0,0,2.7,0,ZQU7,95.3500,375-4000
2026-10-02,2027-09-15,375-400 (Current),0.8,0.3,0.3,15,0,ZQU7,95.3500,375-4000
2026-10-02,2027-09-15,400-425,5.9,3,2.8,30.9,0,ZQU7,95.3500,375-4000
2026-10-02,2027-09-15,425-450,17.8,12.9,12.3,30.4,0,ZQU7,95.3500,375-4000
2026-10-02,2027-09-15,450-475,28.3,26.8,26.7,15.8,1,ZQU7,95.3500,375-4000
2026-10-02,2027-09-15,475-500,26.3,30.2,31.1,4.5,0,ZQU7,95.3500,375-4000
2026-10-02,2027-09-15,500-525,14.9,19.1,19.5,0.7,0,ZQU7,95.3500,375-4000
2026-10-02,2027-09-15,525-550,5,6.6,6.3,0,0,ZQU7,95.3500,375-4000
2026-10-02,2027-09-15,550-575,0.9,1.1,0.9,0,0,ZQU7,95.3500,375-4000
2026-10-02,2027-09-15,575-600,0.1,0.1,0,0,0,ZQU7,95.3500,375-4000
2026-10-02,2027-10-27,325-350,0.3,0,0,0,0,ZQV7,95.3100,375-4000
2026-10-02,2027-10-27,350-375,2.9,0,0,0,0,ZQV7,95.3100,375-4000
2026-10-02,2027-10-27,375-400 (Current),10.7,0.2,0.2,0,0,ZQV7,95.3100,375-4000
2026-10-02,2027-10-27,400-425,22,2.9,2.8,0,0,ZQV7,95.3100,375-4000
2026-10-02,2027-10-27,425-450,27.5,12.6,12.1,0,1,ZQV7,95.3100,375-4000
2026-10-02,2027-10-27,450-475,21.7,26.5,26.4,0,0,ZQV7,95.3100,375-4000
2026-10-02,2027-10-27,475-500,10.9,30.2,31,0,0,ZQV7,95.3100,375-4000
2026-10-02,2027-10-27,500-525,3.4,19.3,19.8,0,0,ZQV7,95.3100,375-4000
2026-10-02,2027-10-27,525-550,0.6,6.9,6.6,0,0,ZQV7,95.3100,375-4000
2026-10-02,2027-10-27,550-575,0,1.2,1,0,0,ZQV7,95.3100,375-4000
2026-10-02,2027-10-27,575-600,0,0.1,0.1,0,0,ZQV7,95.3100,375-4000
2026-10-02,2027-12-08,350-375,0.2,0,0,0,0,ZQZ7,95.3350,375-4000
2026-10-02,2027-12-08,375-400 (Current),1.6,0,0,0,0,ZQZ7,95.3350,375-4000
2026-10-02,2027-12-08,400-425,6.7,0,0,0,0,ZQZ7,95.3350,375-4000
2026-10-02,2027-12-08,425-450,16.3,0,0,0,0,ZQZ7,95.3350,375-4000
2026-10-02,2027-12-08,450-475,24.7,0,0,0,1,ZQZ7,95.3350,375-4000
2026-10-02,2027-12-08,475-500,24.7,0,0,0,1,ZQZ7,95.3350,375-4000
2026-10-02,2027-12-08,500-525,16.4,0,0,0,0,ZQZ7,95.3350,375-4000
2026-10-02,2027-12-08,525-550,7.2,0,0,0,0,ZQZ7,95.3350,375-4000
2026-10-02,2027-12-08,550-575,2,0,0,0,0,ZQZ7,95.3350,375-4000
2026-10-02,2027-12-08,575-600,0.3,0,0,0,0,ZQZ7,95.3350,375-4000
2026-10-03,2026-10-28,350-375,0,0,0,26.2,0,ZQV6,96.1175,375-40077
2026-10-03,2026-10-28,375-400 (Current),77.9,75.6,35.8,55.6,1,ZQV6,96.1175,375-40077
2026-10-03,2026-10-28,400-425,22.1,24.4,64.2,18.2,0,ZQV6,96.1175,375-40077
2026-10-03,2026-12-09,350-375,0,0,0,10.3,0,ZQZ6,96.1050,375-40013
2026-10-03,2026-12-09,375-400 (Current),13.7,20.2,7.3,37.7,0,ZQZ6,96.1050,375-40013
2026-10-03,2026-12-09,400-425,68,61.9,41.6,40.9,1,ZQZ6,96.1050,375-40013
2026-10-03,2026-12-09,425-450,18.2,17.8,51,11.1,0,ZQZ6,96.1050,375-40013
2026-10-03,2027-01-27,350-375,0,0,0,7.7,0,ZQF7,95.8575,375-40012
2026-10-03,2027-01-27,375-400 (Current),12,12.8,3.6,30.8,0,ZQF7,95.8575,375-40012
2026-10-03,2027-01-27,400-425,61.2,46.6,24.3,40.1,1,ZQF7,95.8575,375-40012
2026-10-03,2027-01-27,425-450,24.5,34,46.3,18.6,0,ZQF7,95.8575,375-40012
2026-10-03,2027-01-27,450-475,2.3,6.6,25.8,2.8,0,ZQF7,95.8575,375-40012
2026-10-03,2027-03-17,350-375,0,0,0,4.7,0,ZQH7,95.6850,375-4000
2026-10-03,2027-03-17,375-400 (Current),0.3,4.4,1.2,21.8,0,ZQH7,95.6850,375-4000
2026-10-03,2027-03-17,400-425,13.4,24.4,10.3,36.5,0,ZQH7,95.6850,375-4000
2026-10-03,2027-03-17,425-450,60.2,42.3,31.4,27,1,ZQH7,95.6850,375-4000
2026-10-03,2027-03-17,450-475,23.9,24.6,39.6,9,0,ZQH7,95.6850,375-4000
2026-10-03,2027-03-17,475-500,2.2,4.3,17.4,1.1,0,ZQH7,95.6850,375-4000
2026-10-03,2027-04-28,350-375,0,0,0,4,0,ZQJ7,95.5825,375-4000
2026-10-03,2027-04-28,375-400 (Current),0.2,2.8,0.7,19.2,0,ZQJ7,95.5825,375-4000
2026-10-03,2027-04-28,400-425,9.9,17.1,7,34.3,0,ZQJ7,95.5825,375-4000
2026-10-03,2027-04-28,425-450,47.6,35.8,23.7,28.4,1,ZQJ7,95.5825,375-4000
2026-10-03,2027-04-28,450-475,33.6,31,36.6,11.7,0,ZQJ7,95.5825,375-4000
2026-10-03,2027-04-28,475-500,8,11.7,25.5,2.3,0,ZQJ7,95.5825,375-4000
2026-10-03,2027-04-28,500-525,0.6,1.6,6.3,0.2,0,ZQJ7,95.5825,375-4000
2026-10-03,2027-06-09,350-375,0,0,0,3.3,0,ZQM7,95.4050,375-4000
2026-10-03,2027-06-09,375-400 (Current),0.1,1.6,0.5,16.5,0,ZQM7,95.4050,375-4000
2026-10-03,2027-06-09,400-425,4.2,10.8,4.6,31.6,0,ZQM7,95.4050,375-4000
2026-10-03,2027-06-09,425-450,25.3,27.5,17.2,29.4,0,ZQM7,95.4050,375-4000
2026-10-03,2027-06-09,450-475,41.9,33.1,31.6,14.6,1,ZQM7,95.4050,375-4000
2026-10-03,2027-06-09,475-500,23.2,20.3,29.8,3.9,0,ZQM7,95.4050,375-4000
2026-10-03,2027-06-09,500-525,5,6,13.8,0.5,0,ZQM7,95.4050,375-4000
2026-10-03,2027-06-09,525-550,0.4,0.7,2.5,0,0,ZQM7,95.4050,375-4000
2026-10-03,2027-07-28,350-375,0,0,0,3.1,0,ZQN7,95.3675,375-4000
2026-10-03,2027-07-28,375-400 (Current),0.1,1.3,0.4,16,0,ZQN7,95.3675,375-4000
2026-10-03,2027-07-28,400-425,3.4,9.2,4.1,31,0,ZQN7,95.3675,375-4000
2026-10-03,2027-07-28,425-450,21.3,24.6,15.8,29.5,0,ZQN7,95.3675,375-4000
2026-10-03,2027-07-28,450-475,38.8,32.1,30,15.3,1,ZQN7,95.3675,375-4000
2026-10-03,2027-07-28,475-500,26.7,22.5,30,4.4,0,ZQN7,95.3675,375-4000
2026-10-03,2027-07-28,500-525,8.4,8.6,15.6,0.7,0,ZQN7,95.3675,375-4000
2026-10-03,2027-07-28,525-550,1.2,1.6,3.7,0.1,0,ZQN7,95.3675,375-4000
2026-10-03,2027-07-28,550-575,0.1,0.1,0.3,0,0,ZQN7,95.3675,375-4000
2026-10-03,2027-09-15,350-375,0,0,0,3.1,0,ZQU7,95.3000,375-4002
2026-10-03,2027-09-15,375-400 (Current),0,1.1,0.4,16,0,ZQU7,95.3000,375-4002
2026-10-03,2027-09-15,400-425,2.1,7.8,3.7,31,0,ZQU7,95.3000,375-4002
2026-10-03,2027-09-15,425-450,14.1,21.9,14.4,29.5,0,ZQU7,95.3000,375-4002
2026-10-03,2027-09-15,450-475,31.8,30.8,28.3,15.3,1,ZQU7,95.3000,375-4002
2026-10-03,2027-09-15,475-500,31.6,24.2,30,4.4,0,ZQU7,95.3000,375-4002
2026-10-03,2027-09-15,500-525,15.8,11,17.3,0.7,0,ZQU7,95.3000,375-4002
2026-10-03,2027-09-15,525-550,4.1,2.8,5.1,0.1,0,ZQU7,95.3000,375-4002
2026-10-03,2027-09-15,550-575,0.5,0.4,0.7,0,0,ZQU7,95.3000,375-4002
2026-10-03,2027-10-27,350-375,1.2,0,0,0,0,ZQV7,95.2750,375-4001
2026-10-03,2027-10-27,375-400 (Current),8.8,1,0.4,0,0,ZQV7,95.2750,375-4001
2026-10-03,2027-10-27,400-425,24,7.5,3.7,0,0,ZQV7,95.2750,375-4001
2026-10-03,2027-10-27,425-450,31.6,21.2,14.4,0,1,ZQV7,95.2750,375-4001
2026-10-03,2027-10-27,450-475,22.7,30.4,28.3,0,0,ZQV7,95.2750,375-4001
2026-10-03,2027-10-27,475-500,9.2,24.5,30,0,0,ZQV7,95.2750,375-4001
2026-10-03,2027-10-27,500-525,2.1,11.6,17.3,0,0,ZQV7,95.2750,375-4001
2026-10-03,2027-10-27,525-550,0.2,3.2,5.1,0,0,ZQV7,95.2750,375-4001
2026-10-03,2027-10-27,550-575,0,0.5,0.7,0,0,ZQV7,95.2750,375-4001
2026-10-03,2027-12-08,375-400 (Current),0.3,0,0,0,0,ZQZ7,95.2850,375-4000
2026-10-03,2027-12-08,400-425,2.9,0,0,0,0,ZQZ7,95.2850,375-4000
2026-10-03,2027-12-08,425-450,12.2,0,0,0,0,ZQZ7,95.2850,375-4000
2026-10-03,2027-12-08,450-475,25.7,0,0,0,0,ZQZ7,95.2850,375-4000
2026-10-03,2027-12-08,475-500,29.7,0,0,0,1,ZQZ7,95.2850,375-4000
2026-10-03,2027-12-08,500-525,19.7,0,0,0,0,ZQZ7,95.2850,375-4000
2026-10-03,2027-12-08,525-550,7.7,0,0,0,0,ZQZ7,95.2850,375-4000
2026-10-03,2027-12-08,550-575,1.7,0,0,0,0,ZQZ7,95.2850,375-4000
2026-10-03,2027-12-08,575-600,0.2,0,0,0,0,ZQZ7,95.2850,375-4000
2026-10-04,2026-10-28,350-375,0,0,0,37.1,0,ZQV6,96.1200,375-40077
2026-10-04,2026-10-28,375-400 (Current),77.9,77.9,35.8,49.7,1,ZQV6,96.1200,375-40077
2026-10-04,2026-10-28,400-425,22.1,22.1,64.2,13.1,0,ZQV6,96.1200,375-40077
2026-10-04,2026-12-09,350-375,0,0,0,17.4,0,ZQZ6,95.9250,375-40014
2026-10-04,2026-12-09,375-400 (Current),14.8,14.8,7.3,43.1,0,ZQZ6,95.9250,375-40014
2026-10-04,2026-12-09,400-425,67.3,67.3,41.6,32.5,1,ZQZ6,95.9250,375-40014
2026-10-04,2026-12-09,425-450,17.9,17.9,51,7,0,ZQZ6,95.9250,375-40014
2026-10-04,2027-01-27,350-375,0,0,0,13.4,0,ZQF7,95.8550,375-4009
2026-10-04,2027-01-27,375-400 (Current),9,9,3.6,37.2,0,ZQF7,95.8550,375-4009
2026-10-04,2027-01-27,400-425,46.8,46.8,24.3,35,1,ZQF7,95.8550,375-4009
2026-10-04,2027-01-27,425-450,37.2,37.2,46.3,12.8,0,ZQF7,95.8550,375-4009
2026-10-04,2027-01-27,450-475,7,7,25.8,1.6,0,ZQF7,95.8550,375-4009
2026-10-04,2027-03-17,350-375,0,0,0,8.2,0,ZQH7,95.6850,375-4002
2026-10-04,2027-03-17,375-400 (Current),2.4,2.4,1.2,27.9,0,ZQH7,95.6850,375-4002
2026-10-04,2027-03-17,400-425,19.1,19.1,10.3,35.8,0,ZQH7,95.6850,375-4002
2026-10-04,2027-03-17,425-450,44.2,44.2,31.4,21.5,1,ZQH7,95.6850,375-4002
2026-10-04,2027-03-17,450-475,29.1,29.1,39.6,6,0,ZQH7,95.6850,375-4002
2026-10-04,2027-03-17,475-500,5.1,5.1,17.4,0.6,0,ZQH7,95.6850,375-4002
2026-10-04,2027-04-28,350-375,0,0,0,7,0,ZQJ7,95.5800,375-4001
2026-10-04,2027-04-28,375-400 (Current),1.4,1.4,0.7,25,0,ZQJ7,95.5800,375-4001
2026-10-04,2027-04-28,400-425,12.3,12.3,7,34.6,0,ZQJ7,95.5800,375-4001
2026-10-04,2027-04-28,425-450,34,34,23.7,23.6,0,ZQJ7,95.5800,375-4001
2026-10-04,2027-04-28,450-475,35.3,35.3,36.6,8.3,1,ZQJ7,95.5800,375-4001
2026-10-04,2027-04-28,475-500,14.9,14.9,25.5,1.4,0,ZQJ7,95.5800,375-4001
2026-10-04,2027-04-28,500-525,2.1,2.1,6.3,0.1,0,ZQJ7,95.5800,375-4001
2026-10-04,2027-06-09,350-375,0,0,0,5.6,0,ZQM7,95.4050,375-4000
2026-10-04,2027-06-09,375-400 (Current),0.8,0.8,0.5,21.4,0,ZQM7,95.4050,375-4000
2026-10-04,2027-06-09,400-425,7.3,7.3,4.6,32.7,0,ZQM7,95.4050,375-4000
2026-10-04,2027-06-09,425-450,24,24,17.2,25.8,0,ZQM7,95.4050,375-4000
2026-10-04,2027-06-09,450-475,34.7,34.7,31.6,11.3,1,ZQM7,95.4050,375-4000
2026-10-04,2027-06-09,475-500,24.3,24.3,29.8,2.8,0,ZQM7,95.4050,375-4000
2026-10-04,2027-06-09,500-525,8,8,13.8,0.4,0,ZQM7,95.4050,375-4000
2026-10-04,2027-06-09,525-550,1,1,2.5,0,0,ZQM7,95.4050,375-4000
2026-10-04,2027-07-28,350-375,0,0,0,5.4,0,ZQN7,95.3650,375-4000
2026-10-04,2027-07-28,375-400 (Current),0.6,0.6,0.4,20.7,0,ZQN7,95.3650,375-4000
2026-10-04,2027-07-28,400-425,6.1,6.1,4.1,32.2,0,ZQN7,95.3650,375-4000
2026-10-04,2027-07-28,425-450,21,21,15.8,26.1,0,ZQN7,95.3650,375-4000
2026-10-04,2027-07-28,450-475,32.8,32.8,30,11.9,1,ZQN7,95.3650,375-4000
2026-10-04,2027-07-28,475-500,26.2,26.2,30,3.2,0,ZQN7,95.3650,375-4000
2026-10-04,2027-07-28,500-525,10.9,10.9,15.6,0.5,0,ZQN7,95.3650,375-4000
2026-10-04,2027-07-28,525-550,2.2,2.2,3.7,0,0,ZQN7,95.3650,375-4000
2026-10-04,2027-07-28,550-575,0.2,0.2,0.3,0,0,ZQN7,95.3650,375-4000
2026-10-04,2027-09-15,350-375,0,0,0,5.4,0,ZQU7,95.3000,375-4000
2026-10-04,2027-09-15,375-400 (Current),0.5,0.5,0.4,20.7,0,ZQU7,95.3000,375-4000
2026-10-04,2027-09-15,400-425,5.2,5.2,3.7,32.2,0,ZQU7,95.3000,375-4000
2026-10-04,2027-09-15,425-450,18.4,18.4,14.4,26.1,0,ZQU7,95.3000,375-4000
2026-10-04,2027-09-15,450-475,30.7,30.7,28.3,11.9,1,ZQU7,95.3000,375-4000
2026-10-04,2027-09-15,475-500,27.3,27.3,30,3.2,0,ZQU7,95.3000,375-4000
2026-10-04,2027-09-15,500-525,13.6,13.6,17.3,0.5,0,ZQU7,95.3000,375-4000
2026-10-04,2027-09-15,525-550,3.7,3.7,5.1,0,0,ZQU7,95.3000,375-4000
2026-10-04,2027-09-15,550-575,0.5,0.5,0.7,0,0,ZQU7,95.3000,375-4000
2026-10-04,2027-10-27,375-400 (Current),0.5,0.5,0.4,0,0,ZQV7,95.2800,375-4000
2026-10-04,2027-10-27,400-425,5,5,3.7,0,0,ZQV7,95.2800,375-4000
2026-10-04,2027-10-27,425-450,17.8,17.8,14.4,0,0,ZQV7,95.2800,375-4000
2026-10-04,2027-10-27,450-475,30.2,30.2,28.3,0,1,ZQV7,95.2800,375-4000
2026-10-04,2027-10-27,475-500,27.5,27.5,30,0,0,ZQV7,95.2800,375-4000
2026-10-04,2027-10-27,500-525,14.2,14.2,17.3,0,0,ZQV7,95.2800,375-4000
2026-10-04,2027-10-27,525-550,4.2,4.2,5.1,0,0,ZQV7,95.2800,375-4000
2026-10-04,2027-10-27,550-575,0.7,0.7,0.7,0,0,ZQV7,95.2800,375-4000
2026-10-04,2027-10-27,575-600,0.1,0.1,0,0,0,ZQV7,95.2800,375-4000
2026-10-04,2027-12-08,375-400 (Current),0.9,0,0,0,0,ZQZ7,95.2850,375-4000
2026-10-04,2027-12-08,400-425,6,0,0,0,0,ZQZ7,95.2850,375-4000
2026-10-04,2027-12-08,425-450,18.8,0,0,0,0,ZQZ7,95.2850,375-4000
2026-10-04,2027-12-08,450-475,29.9,0,0,0,1,ZQZ7,95.2850,375-4000
2026-10-04,2027-12-08,475-500,26.4,0,0,0,0,ZQZ7,95.2850,375-4000
2026-10-04,2027-12-08,500-525,13.4,0,0,0,0,ZQZ7,95.2850,375-4000
2026-10-04,2027-12-08,525-550,3.9,0,0,0,0,ZQZ7,95.2850,375-4000
2026-10-04,2027-12-08,550-575,0.6,0,0,0,0,ZQZ7,95.2850,375-4000
2026-10-05,2026-10-28,350-375,0,0,0,29.8,0,ZQV6,96.1175,375-40077
2026-10-05,2026-10-28,375-400 (Current),77.9,77.9,35.8,54.4,1,ZQV6,96.1175,375-40077
2026-10-05,2026-10-28,400-425,22.1,22.1,64.2,15.8,0,ZQV6,96.1175,375-40077
2026-10-05,2026-12-09,350-375,0,0,0,14,0,ZQZ6,96.1050,375-40012
2026-10-05,2026-12-09,375-400 (Current),12.8,14.8,7.3,41.4,0,ZQZ6,96.1050,375-40012
2026-10-05,2026-12-09,400-425,68.7,67.3,41.6,36.3,1,ZQZ6,96.1050,375-40012
2026-10-05,2026-12-09,425-450,18.5,17.9,51,8.4,0,ZQZ6,96.1050,375-40012
2026-10-05,2027-01-27,350-375,0,0,0,10.8,0,ZQF7,95.8550,375-40011
2026-10-05,2027-01-27,375-400 (Current),11.4,9,3.6,35.1,0,ZQF7,95.8550,375-40011
2026-10-05,2027-01-27,400-425,62.3,46.8,24.3,37.4,1,ZQF7,95.8550,375-40011
2026-10-05,2027-01-27,425-450,24.3,37.2,46.3,14.8,0,ZQF7,95.8550,375-40011
2026-10-05,2027-01-27,450-475,2.1,7,25.8,1.9,0,ZQF7,95.8550,375-40011
2026-10-05,2027-03-17,350-375,0,0,0,6.6,0,ZQH7,95.6850,375-4000
2026-10-05,2027-03-17,375-400 (Current),0.2,2.4,1.2,25.6,0,ZQH7,95.6850,375-4000
2026-10-05,2027-03-17,400-425,12.2,19.1,10.3,36.5,0,ZQH7,95.6850,375-4000
2026-10-05,2027-03-17,425-450,61.6,44.2,31.4,23.6,1,ZQH7,95.6850,375-4000
2026-10-05,2027-03-17,450-475,23.9,29.1,39.6,6.9,0,ZQH7,95.6850,375-4000
2026-10-05,2027-03-17,475-500,2.1,5.1,17.4,0.8,0,ZQH7,95.6850,375-4000
2026-10-05,2027-04-28,350-375,0,0,0,5.6,0,ZQJ7,95.5800,375-4000
2026-10-05,2027-04-28,375-400 (Current),0.1,1.4,0.7,22.7,0,ZQJ7,95.5800,375-4000
2026-10-05,2027-04-28,400-425,9.1,12.3,7,34.9,0,ZQJ7,95.5800,375-4000
2026-10-05,2027-04-28,425-450,48.9,34,23.7,25.6,1,ZQJ7,95.5800,375-4000
2026-10-05,2027-04-28,450-475,33.6,35.3,36.6,9.4,0,ZQJ7,95.5800,375-4000
2026-10-05,2027-04-28,475-500,7.7,14.9,25.5,1.7,0,ZQJ7,95.5800,375-4000
2026-10-05,2027-04-28,500-525,0.5,2.1,6.3,0.1,0,ZQJ7,95.5800,375-4000
2026-10-05,2027-06-09,350-375,0,0,0,4.4,0,ZQM7,95.4050,375-4000
2026-10-05,2027-06-09,375-400 (Current),0.1,0.8,0.5,19,0,ZQM7,95.4050,375-4000
2026-10-05,2027-06-09,400-425,3.8,7.3,4.6,32.3,0,ZQM7,95.4050,375-4000
2026-10-05,2027-06-09,425-450,25.4,24,17.2,27.6,0,ZQM7,95.4050,375-4000
2026-10-05,2027-06-09,450-475,42.7,34.7,31.6,12.9,1,ZQM7,95.4050,375-4000
2026-10-05,2027-06-09,475-500,23,24.3,29.8,3.4,0,ZQM7,95.4050,375-4000
2026-10-05,2027-06-09,500-525,4.8,8,13.8,0.5,0,ZQM7,95.4050,375-4000
2026-10-05,2027-06-09,525-550,0.3,1,2.5,0,0,ZQM7,95.4050,375-4000
2026-10-05,2027-07-28,350-375,0,0,0,4.2,0,ZQN7,95.3675,375-4003
2026-10-05,2027-07-28,375-400 (Current),0,0.6,0.4,18.4,0,ZQN7,95.3675,375-4003
2026-10-05,2027-07-28,400-425,3.1,6.1,4.1,31.7,0,ZQN7,95.3675,375-4003
2026-10-05,2027-07-28,425-450,21.3,21,15.8,27.8,0,ZQN7,95.3675,375-4003
2026-10-05,2027-07-28,450-475,39.4,32.8,30,13.6,1,ZQN7,95.3675,375-4003
2026-10-05,2027-07-28,475-500,26.7,26.2,30,3.8,0,ZQN7,95.3675,375-4003
2026-10-05,2027-07-28,500-525,8.2,10.9,15.6,0.6,0,ZQN7,95.3675,375-4003
2026-10-05,2027-07-28,525-550,1.2,2.2,3.7,0,0,ZQN7,95.3675,375-4003
2026-10-05,2027-07-28,550-575,0.1,0.2,0.3,0,0,ZQN7,95.3675,375-4003
2026-10-05,2027-09-15,350-375,0,0,0,4,0,ZQU7,95.3000,375-4001
2026-10-05,2027-09-15,375-400 (Current),0,0.5,0.4,17.8,0,ZQU7,95.3000,375-4001
2026-10-05,2027-09-15,400-425,1.9,5.2,3.7,31.1,0,ZQU7,95.3000,375-4001
2026-10-05,2027-09-15,425-450,14.4,18.4,14.4,27.9,0,ZQU7,95.3000,375-4001
2026-10-05,2027-09-15,450-475,32.6,30.7,28.3,14.1,1,ZQU7,95.3000,375-4001
2026-10-05,2027-09-15,475-500,31.5,27.3,30,4.2,0,ZQU7,95.3000,375-4001
2026-10-05,2027-09-15,500-525,15.2,13.6,17.3,0.7,0,ZQU7,95.3000,375-4001
2026-10-05,2027-09-15,525-550,3.8,3.7,5.1,0.1,0,ZQU7,95.3000,375-4001
2026-10-05,2027-09-15,550-575,0.5,0.5,0.7,0,0,ZQU7,95.3000,375-4001
2026-10-05,2027-10-27,350-375,1.1,0,0,0,0,ZQV7,95.2800,375-4001
2026-10-05,2027-10-27,375-400 (Current),8.7,0.5,0.4,0,0,ZQV7,95.2800,375-4001
2026-10-05,2027-10-27,400-425,24.2,5,3.7,0,0,ZQV7,95.2800,375-4001
2026-10-05,2027-10-27,425-450,32,17.8,14.4,0,1,ZQV7,95.2800,375-4001
2026-10-05,2027-10-27,450-475,22.7,30.2,28.3,0,0,ZQV7,95.2800,375-4001
2026-10-05,2027-10-27,475-500,9.1,27.5,30,0,0,ZQV7,95.2800,375-4001
2026-10-05,2027-10-27,500-525,2,14.2,17.3,0,0,ZQV7,95.2800,375-4001
2026-10-05,2027-10-27,525-550,0.2,4.2,5.1,0,0,ZQV7,95.2800,375-4001
2026-10-05,2027-10-27,550-575,0,0.7,0.7,0,0,ZQV7,95.2800,375-4001
2026-10-05,2027-10-27,575-600,0,0.1,0,0,0,ZQV7,95.2800,375-4001
2026-10-05,2027-12-08,375-400 (Current),0.2,0,0,0,0,ZQZ7,95.2850,375-4000
2026-10-05,2027-12-08,400-425,2.7,0,0,0,0,ZQZ7,95.2850,375-4000
2026-10-05,2027-12-08,425-450,12.1,0,0,0,0,ZQZ7,95.2850,375-4000
2026-10-05,2027-12-08,450-475,25.9,0,0,0,0,ZQZ7,95.2850,375-4000
2026-10-05,2027-12-08,475-500,29.9,0,0,0,1,ZQZ7,95.2850,375-4000
2026-10-05,2027-12-08,500-525,19.7,0,0,0,0,ZQZ7,95.2850,375-4000
2026-10-05,2027-12-08,525-550,7.5,0,0,0,0,ZQZ7,95.2850,375-4000
2026-10-05,2027-12-08,550-575,1.6,0,0,0,0,ZQZ7,95.2850,375-4000
2026-10-05,2027-12-08,575-600,0.2,0,0,0,0,ZQZ7,95.2850,375-4000
2026-10-06,2026-10-28,350-375,0,0,0,29.8,0,ZQV6,96.1163,375-40076
2026-10-06,2026-10-28,375-400 (Current),76.2,77.9,29.1,54.4,1,ZQV6,96.1163,375-40076
2026-10-06,2026-10-28,400-425,23.8,22.1,70.9,15.8,0,ZQV6,96.1163,375-40076
2026-10-06,2026-12-09,350-375,0,0,0,14,0,ZQZ6,95.9175,375-40013
2026-10-06,2026-12-09,375-400 (Current),13.2,14.8,5,41.4,0,ZQZ6,95.9175,375-40013
2026-10-06,2026-12-09,400-425,67.1,67.3,36.3,36.3,1,ZQZ6,95.9175,375-40013
2026-10-06,2026-12-09,425-450,19.7,17.9,58.7,8.4,0,ZQZ6,95.9175,375-40013
2026-10-06,2027-01-27,350-375,0,0,0,10.8,0,ZQF7,95.8425,375-4007
2026-10-06,2027-01-27,375-400 (Current),7.7,9,2.2,35.1,0,ZQF7,95.8425,375-4007
2026-10-06,2027-01-27,400-425,44.8,46.8,19,37.4,1,ZQF7,95.8425,375-4007
2026-10-06,2027-01-27,425-450,39.3,37.2,46.4,14.8,0,ZQF7,95.8425,375-4007
2026-10-06,2027-01-27,450-475,8.1,7,32.4,1.9,0,ZQF7,95.8425,375-4007
2026-10-06,2027-03-17,350-375,0,0,0,6.6,0,ZQH7,95.6675,375-4002
2026-10-06,2027-03-17,375-400 (Current),2.2,2.4,0.6,25.6,0,ZQH7,95.6675,375-4002
2026-10-06,2027-03-17,400-425,18.4,19.1,7.1,36.5,0,ZQH7,95.6675,375-4002
2026-10-06,2027-03-17,425-450,43.2,44.2,26.9,23.6,1,ZQH7,95.6675,375-4002
2026-10-06,2027-03-17,450-475,30.3,29.1,42.3,6.9,0,ZQH7,95.6675,375-4002
2026-10-06,2027-03-17,475-500,5.8,5.1,23.1,0.8,0,ZQH7,95.6675,375-4002
2026-10-06,2027-04-28,350-375,0,0,0,5.6,0,ZQJ7,95.5675,375-4001
2026-10-06,2027-04-28,375-400 (Current),1.3,1.4,0.4,22.7,0,ZQJ7,95.5675,375-4001
2026-10-06,2027-04-28,400-425,11.8,12.3,4.4,34.9,0,ZQJ7,95.5675,375-4001
2026-10-06,2027-04-28,425-450,33.1,34,18.8,25.6,0,ZQJ7,95.5675,375-4001
2026-10-06,2027-04-28,450-475,35.6,35.3,36,9.4,1,ZQJ7,95.5675,375-4001
2026-10-06,2027-04-28,475-500,15.8,14.9,30.9,1.7,0,ZQJ7,95.5675,375-4001
2026-10-06,2027-04-28,500-525,2.4,2.1,9.4,0.1,0,ZQJ7,95.5675,375-4001
2026-10-06,2027-06-09,350-375,0,0,0,4.4,0,ZQM7,95.3950,375-4000
2026-10-06,2027-06-09,375-400 (Current),0.7,0.8,0.2,19,0,ZQM7,95.3950,375-4000
2026-10-06,2027-06-09,400-425,7.2,7.3,2.8,32.3,0,ZQM7,95.3950,375-4000
2026-10-06,2027-06-09,425-450,23.7,24,13,27.6,0,ZQM7,95.3950,375-4000
2026-10-06,2027-06-09,450-475,34.5,34.7,29,12.9,1,ZQM7,95.3950,375-4000
2026-10-06,2027-06-09,475-500,24.6,24.3,33,3.4,0,ZQM7,95.3950,375-4000
2026-10-06,2027-06-09,500-525,8.3,8,18.2,0.5,0,ZQM7,95.3950,375-4000
2026-10-06,2027-06-09,525-550,1,1,3.8,0,0,ZQM7,95.3950,375-4000
2026-10-06,2027-07-28,350-375,0,0,0,4.2,0,ZQN7,95.3575,375-4000
2026-10-06,2027-07-28,375-400 (Current),0.6,0.6,0.2,18.4,0,ZQN7,95.3575,375-4000
2026-10-06,2027-07-28,400-425,6,6.1,2.5,31.7,0,ZQN7,95.3575,375-4000
2026-10-06,2027-07-28,425-450,20.8,21,11.6,27.8,0,ZQN7,95.3575,375-4000
2026-10-06,2027-07-28,450-475,32.6,32.8,26.9,13.6,1,ZQN7,95.3575,375-4000
2026-10-06,2027-07-28,475-500,26.3,26.2,32.5,3.8,0,ZQN7,95.3575,375-4000
2026-10-06,2027-07-28,500-525,11.2,10.9,20.1,0.6,0,ZQN7,95.3575,375-4000
2026-10-06,2027-07-28,525-550,2.3,2.2,5.7,0,0,ZQN7,95.3575,375-4000
2026-10-06,2027-07-28,550-575,0.2,0.2,0.5,0,0,ZQN7,95.3575,375-4000
2026-10-06,2027-09-15,350-375,0,0,0,4,0,ZQU7,95.2950,375-4000
2026-10-06,2027-09-15,375-400 (Current),0.5,0.5,0.2,17.8,0,ZQU7,95.2950,375-4000
2026-10-06,2027-09-15,400-425,5.1,5.2,2.2,31.1,0,ZQU7,95.2950,375-4000
2026-10-06,2027-09-15,425-450,18.3,18.4,10.5,27.9,0,ZQU7,95.2950,375-4000
2026-10-06,2027-09-15,450-475,30.6,30.7,25.1,14.1,1,ZQU7,95.2950,375-4000
2026-10-06,2027-09-15,475-500,27.3,27.3,31.8,4.2,0,ZQU7,95.2950,375-4000
2026-10-06,2027-09-15,500-525,13.7,13.6,21.6,0.7,0,ZQU7,95.2950,375-4000
2026-10-06,2027-09-15,525-550,3.8,3.7,7.5,0.1,0,ZQU7,95.2950,375-4000
2026-10-06,2027-09-15,550-575,0.5,0.5,1.1,0,0,ZQU7,95.2950,375-4000
2026-10-06,2027-09-15,575-600,0,0,0.1,0,0,ZQU7,95.2950,375-4000
2026-10-06,2027-10-27,375-400 (Current),0.5,0.5,0.2,0,0,ZQV7,95.2750,375-4000
2026-10-06,2027-10-27,400-425,4.9,5,2.2,0,0,ZQV7,95.2750,375-4000
2026-10-06,2027-10-27,425-450,17.6,17.8,10.5,0,0,ZQV7,95.2750,375-4000
2026-10-06,2027-10-27,450-475,30,30.2,25.1,0,1,ZQV7,95.2750,375-4000
2026-10-06,2027-10-27,475-500,27.5,27.5,31.8,0,0,ZQV7,95.2750,375-4000
2026-10-06,2027-10-27,500-525,14.4,14.2,21.6,0,0,ZQV7,95.2750,375-4000
2026-10-06,2027-10-27,525-550,4.3,4.2,7.5,0,0,ZQV7,95.2750,375-4000
2026-10-06,2027-10-27,550-575,0.7,0.7,1.1,0,0,ZQV7,95.2750,375-4000
2026-10-06,2027-10-27,575-600,0.1,0.1,0.1,0,0,ZQV7,95.2750,375-4000
2026-10-06,2027-12-08,375-400 (Current),0.6,0,0,0,0,ZQZ7,95.2700,375-4000
2026-10-06,2027-12-08,400-425,5.3,0,0,0,0,ZQZ7,95.2700,375-4000
2026-10-06,2027-12-08,425-450,18.1,0,0,0,0,ZQZ7,95.2700,375-4000
2026-10-06,2027-12-08,450-475,30,0,0,0,1,ZQZ7,95.2700,375-4000
2026-10-06,2027-12-08,475-500,27.1,0,0,0,0,ZQZ7,95.2700,375-4000
2026-10-06,2027-12-08,500-525,14,0,0,0,0,ZQZ7,95.2700,375-4000
2026-10-06,2027-12-08,525-550,4.1,0,0,0,0,ZQZ7,95.2700,375-4000
2026-10-06,2027-12-08,550-575,0.7,0,0,0,0,ZQZ7,95.2700,375-4000
2026-10-06,2027-12-08,575-600,0.1,0,0,0,0,ZQZ7,95.2700,375-4000
2026-10-07,2026-10-28,350-375,0,0,0,29.8,0,ZQV6,96.1163,375-40079
2026-10-07,2026-10-28,375-400 (Current),79.5,77.9,49.1,54.4,1,ZQV6,96.1163,375-40079
2026-10-07,2026-10-28,400-425,20.5,22.1,50.9,15.8,0,ZQV6,96.1163,375-40079
2026-10-07,2026-12-09,350-375,0,0,0,14,0,ZQZ6,95.9250,375-40015
2026-10-07,2026-12-09,375-400 (Current),15.5,13.5,8.4,41.4,0,ZQZ6,95.9250,375-40015
2026-10-07,2026-12-09,400-425,68,68.2,49.4,36.3,1,ZQZ6,95.9250,375-40015
2026-10-07,2026-12-09,425-450,16.5,18.3,42.2,8.4,0,ZQZ6,95.9250,375-40015
2026-10-07,2027-01-27,350-375,0,0,0,10.8,0,ZQF7,95.8550,375-4008
2026-10-07,2027-01-27,375-400 (Current),8.9,7.9,3.8,35.1,0,ZQF7,95.8550,375-4008
2026-10-07,2027-01-27,400-425,45.7,45.6,26.8,37.4,1,ZQF7,95.8550,375-4008
2026-10-07,2027-01-27,425-450,38.4,38.9,46.2,14.8,0,ZQF7,95.8550,375-4008
2026-10-07,2027-01-27,450-475,7,7.6,23.3,1.9,0,ZQF7,95.8550,375-4008
2026-10-07,2027-03-17,350-375,0,0,0,6.6,0,ZQH7,95.6825,375-4002
2026-10-07,2027-03-17,375-400 (Current),2.8,2.3,1,25.6,0,ZQH7,95.6825,375-4002
2026-10-07,2027-03-17,400-425,20.5,18.7,9.9,36.5,0,ZQH7,95.6825,375-4002
2026-10-07,2027-03-17,425-450,43.4,43.7,32,23.6,1,ZQH7,95.6825,375-4002
2026-10-07,2027-03-17,450-475,28.5,29.9,40,6.9,0,ZQH7,95.6825,375-4002
2026-10-07,2027-03-17,475-500,4.8,5.4,17,0.8,0,ZQH7,95.6825,375-4002
2026-10-07,2027-04-28,350-375,0,0,0,5.6,0,ZQJ7,95.5850,375-4001
2026-10-07,2027-04-28,375-400 (Current),1.7,1.3,0.6,22.7,0,ZQJ7,95.5850,375-4001
2026-10-07,2027-04-28,400-425,13.7,12,6.3,34.9,0,ZQJ7,95.5850,375-4001
2026-10-07,2027-04-28,425-450,34.6,33.5,23,25.6,1,ZQJ7,95.5850,375-4001
2026-10-07,2027-04-28,450-475,34.2,35.5,36.8,9.4,0,ZQJ7,95.5850,375-4001
2026-10-07,2027-04-28,475-500,13.9,15.4,26.4,1.7,0,ZQJ7,95.5850,375-4001
2026-10-07,2027-04-28,500-525,1.8,2.2,6.9,0.1,0,ZQJ7,95.5850,375-4001
2026-10-07,2027-06-09,350-375,0,0,0,4.4,0,ZQM7,95.4200,375-4001
2026-10-07,2027-06-09,375-400 (Current),1,0.7,0.3,19,0,ZQM7,95.4200,375-4001
2026-10-07,2027-06-09,400-425,8.6,7.1,3.8,32.3,0,ZQM7,95.4200,375-4001
2026-10-07,2027-06-09,425-450,25.7,23.6,15.6,27.6,0,ZQM7,95.4200,375-4001
2026-10-07,2027-06-09,450-475,34.4,34.6,30.6,12.9,1,ZQM7,95.4200,375-4001
2026-10-07,2027-06-09,475-500,22.6,24.7,31,3.4,0,ZQM7,95.4200,375-4001
2026-10-07,2027-06-09,500-525,7,8.3,15.6,0.5,0,ZQM7,95.4200,375-4001
2026-10-07,2027-06-09,525-550,0.8,1,3.1,0,0,ZQM7,95.4200,375-4001
2026-10-07,2027-07-28,350-375,0,0,0,4.2,0,ZQN7,95.3850,375-4000
2026-10-07,2027-07-28,375-400 (Current),0.8,0.6,0.3,18.4,0,ZQN7,95.3850,375-4000
2026-10-07,2027-07-28,400-425,7.4,6,3.2,31.7,0,ZQN7,95.3850,375-4000
2026-10-07,2027-07-28,425-450,23,20.7,13.7,27.8,0,ZQN7,95.3850,375-4000
2026-10-07,2027-07-28,450-475,33,32.6,28.3,13.6,1,ZQN7,95.3850,375-4000
2026-10-07,2027-07-28,475-500,24.4,26.5,31,3.8,0,ZQN7,95.3850,375-4000
2026-10-07,2027-07-28,500-525,9.4,11.2,18,0.6,0,ZQN7,95.3850,375-4000
2026-10-07,2027-07-28,525-550,1.7,2.3,5,0,0,ZQN7,95.3850,375-4000
2026-10-07,2027-07-28,550-575,0.1,0.2,0.5,0,0,ZQN7,95.3850,375-4000
2026-10-07,2027-09-15,350-375,0,0,0,4,0,ZQU7,95.3300,375-4000
2026-10-07,2027-09-15,375-400 (Current),0.6,0.5,0.2,17.8,0,ZQU7,95.3300,375-4000
2026-10-07,2027-09-15,400-425,5.2,5,2.9,31.1,0,ZQU7,95.3300,375-4000
2026-10-07,2027-09-15,425-450,17.7,18.1,12.5,27.9,0,ZQU7,95.3300,375-4000
2026-10-07,2027-09-15,450-475,29.6,30.6,26.6,14.1,1,ZQU7,95.3300,375-4000
2026-10-07,2027-09-15,475-500,27.3,27.5,30.6,4.2,0,ZQU7,95.3300,375-4000
2026-10-07,2027-09-15,500-525,14.5,13.9,19.6,0.7,0,ZQU7,95.3300,375-4000
2026-10-07,2027-09-15,525-550,4.4,3.9,6.6,0.1,0,ZQU7,95.3300,375-4000
2026-10-07,2027-09-15,550-575,0.7,0.6,1,0,0,ZQU7,95.3300,375-4000
2026-10-07,2027-09-15,575-600,0,0,0.1,0,0,ZQU7,95.3300,375-4000
2026-10-07,2027-10-27,325-350,0.2,0,0,0,0,ZQV7,95.3100,375-4000
2026-10-07,2027-10-27,350-375,2.4,0,0,0,0,ZQV7,95.3100,375-4000
2026-10-07,2027-10-27,375-400 (Current),10.2,0.5,0.2,0,0,ZQV7,95.3100,375-4000
2026-10-07,2027-10-27,400-425,22.5,4.8,2.9,0,0,ZQV7,95.3100,375-4000
2026-10-07,2027-10-27,425-450,28.7,17.5,12.5,0,1,ZQV7,95.3100,375-4000
2026-10-07,2027-10-27,450-475,22.2,30,26.6,0,0,ZQV7,95.3100,375-4000
2026-10-07,2027-10-27,475-500,10.4,27.7,30.6,0,0,ZQV7,95.3100,375-4000
2026-10-07,2027-10-27,500-525,2.9,14.5,19.6,0,0,ZQV7,95.3100,375-4000
2026-10-07,2027-10-27,525-550,0.4,4.3,6.6,0,0,ZQV7,95.3100,375-4000
2026-10-07,2027-10-27,550-575,0,0.7,1,0,0,ZQV7,95.3100,375-4000
2026-10-07,2027-10-27,575-600,0,0.1,0.1,0,0,ZQV7,95.3100,375-4000
2026-10-07,2027-12-08,350-375,0.1,0,0,0,0,ZQZ7,95.3100,375-4000
2026-10-07,2027-12-08,375-400 (Current),1,0,0,0,0,ZQZ7,95.3100,375-4000
2026-10-07,2027-12-08,400-425,5.2,0,0,0,0,ZQZ7,95.3100,375-4000
2026-10-07,2027-12-08,425-450,14.6,0,0,0,0,ZQZ7,95.3100,375-4000
2026-10-07,2027-12-08,450-475,24.7,0,0,0,0,ZQZ7,95.3100,375-4000
2026-10-07,2027-12-08,475-500,26.4,0,0,0,1,ZQZ7,95.3100,375-4000
2026-10-07,2027-12-08,500-525,18,0,0,0,0,ZQZ7,95.3100,375-4000
2026-10-07,2027-12-08,525-550,7.7,0,0,0,0,ZQZ7,95.3100,375-4000
2026-10-07,2027-12-08,550-575,2,0,0,0,0,ZQZ7,95.3100,375-4000
2026-10-07,2027-12-08,575-600,0.3,0,0,0,0,ZQZ7,95.3100,375-4000
2026-10-08,2026-10-28,350-375,0,0,0,29.8,0,ZQV6,96.1163,375-40080
2026-10-08,2026-10-28,375-400 (Current),80.6,80.1,62.4,54.4,1,ZQV6,96.1163,375-40080
2026-10-08,2026-10-28,400-425,19.4,19.9,37.6,15.8,0,ZQV6,96.1163,375-40080
2026-10-08,2026-12-09,350-375,0,0,0,14,0,ZQZ6,96.1125,375-40021
2026-10-08,2026-12-09,375-400 (Current),21.7,15.5,10.5,41.4,0,ZQZ6,96.1125,375-40021
2026-10-08,2026-12-09,400-425,64.1,68.4,58.2,36.3,1,ZQZ6,96.1125,375-40021
2026-10-08,2026-12-09,425-450,14.2,16.1,31.3,8.4,0,ZQZ6,96.1125,375-40021
2026-10-08,2027-01-27,350-375,0,0,0,10.8,0,ZQF7,95.8750,375-40011
2026-10-08,2027-01-27,375-400 (Current),11.7,9.1,4.9,35.1,0,ZQF7,95.8750,375-40011
2026-10-08,2027-01-27,400-425,44.6,46.6,33,37.4,1,ZQF7,95.8750,375-40011
2026-10-08,2027-01-27,425-450,37.1,37.7,45.5,14.8,0,ZQF7,95.8750,375-40011
2026-10-08,2027-01-27,450-475,6.5,6.6,16.5,1.9,0,ZQF7,95.8750,375-40011
2026-10-08,2027-03-17,350-375,0,0,0,6.6,0,ZQH7,95.7025,375-4004
2026-10-08,2027-03-17,375-400 (Current),4.7,2.8,1.2,25.6,0,ZQH7,95.7025,375-4004
2026-10-08,2027-03-17,400-425,26.1,20.5,12,36.5,0,ZQH7,95.7025,375-4004
2026-10-08,2027-03-17,425-450,43.3,43.9,36.1,23.6,1,ZQH7,95.7025,375-4004
2026-10-08,2027-03-17,450-475,22.8,28.2,38.3,6.9,0,ZQH7,95.7025,375-4004
2026-10-08,2027-03-17,475-500,3.2,4.6,12.4,0.8,0,ZQH7,95.7025,375-4004
2026-10-08,2027-04-28,350-375,0,0,0,5.6,0,ZQJ7,95.6300,375-4002
2026-10-08,2027-04-28,375-400 (Current),2.9,1.7,0.7,22.7,0,ZQJ7,95.6300,375-4002
2026-10-08,2027-04-28,400-425,17,13.7,7.1,34.9,0,ZQJ7,95.6300,375-4002
2026-10-08,2027-04-28,425-450,34.6,34.9,25.3,25.6,1,ZQJ7,95.6300,375-4002
2026-10-08,2027-04-28,450-475,31.4,34.3,37.3,9.4,0,ZQJ7,95.6300,375-4002
2026-10-08,2027-04-28,475-500,12.5,13.7,24,1.7,0,ZQJ7,95.6300,375-4002
2026-10-08,2027-04-28,500-525,1.6,1.8,5.6,0.1,0,ZQJ7,95.6300,375-4002
2026-10-08,2027-06-09,350-375,0,0,0,4.4,0,ZQM7,95.4750,375-4001
2026-10-08,2027-06-09,375-400 (Current),1.7,1,0.4,19,0,ZQM7,95.4750,375-4001
2026-10-08,2027-06-09,400-425,11.2,8.6,4.1,32.3,0,ZQM7,95.4750,375-4001
2026-10-08,2027-06-09,425-450,27.3,25.9,16.9,27.6,0,ZQM7,95.4750,375-4001
2026-10-08,2027-06-09,450-475,32.7,34.5,31.7,12.9,1,ZQM7,95.4750,375-4001
2026-10-08,2027-06-09,475-500,20.3,22.4,30.2,3.4,0,ZQM7,95.4750,375-4001
2026-10-08,2027-06-09,500-525,6.1,6.9,14.1,0.5,0,ZQM7,95.4750,375-4001
2026-10-08,2027-06-09,525-550,0.7,0.8,2.6,0,0,ZQM7,95.4750,375-4001
2026-10-08,2027-07-28,350-375,0,0,0,4.2,0,ZQN7,95.4400,375-4001
2026-10-08,2027-07-28,375-400 (Current),1.5,0.8,0.3,18.4,0,ZQN7,95.4400,375-4001
2026-10-08,2027-07-28,400-425,10.5,7.4,3.5,31.7,0,ZQN7,95.4400,375-4001
2026-10-08,2027-07-28,425-450,26.7,23.2,14.6,27.8,0,ZQN7,95.4400,375-4001
2026-10-08,2027-07-28,450-475,32.4,33.2,29.1,13.6,1,ZQN7,95.4400,375-4001
2026-10-08,2027-07-28,475-500,20.7,24.3,30.5,3.8,0,ZQN7,95.4400,375-4001
2026-10-08,2027-07-28,500-525,7,9.3,17,0.6,0,ZQN7,95.4400,375-4001
2026-10-08,2027-07-28,525-550,1.2,1.7,4.6,0,0,ZQN7,95.4400,375-4001
2026-10-08,2027-07-28,550-575,0.1,0.1,0.5,0,0,ZQN7,95.4400,375-4001
2026-10-08,2027-09-15,350-375,0,0,0,4,0,ZQU7,95.3800,375-4001
2026-10-08,2027-09-15,375-400 (Current),1,0.7,0.3,17.8,0,ZQU7,95.3800,375-4001
2026-10-08,2027-09-15,400-425,7.5,6.4,3,31.1,0,ZQU7,95.3800,375-4001
2026-10-08,2027-09-15,425-450,21.3,20.8,12.9,27.9,0,ZQU7,95.3800,375-4001
2026-10-08,2027-09-15,450-475,30.5,31.6,26.8,14.1,1,ZQU7,95.3800,375-4001
2026-10-08,2027-09-15,475-500,24.6,25.7,30.2,4.2,0,ZQU7,95.3800,375-4001
2026-10-08,2027-09-15,500-525,11.5,11.6,19.1,0.7,0,ZQU7,95.3800,375-4001
2026-10-08,2027-09-15,525-550,3.1,2.9,6.6,0.1,0,ZQU7,95.3800,375-4001
2026-10-08,2027-09-15,550-575,0.4,0.4,1.1,0,0,ZQU7,95.3800,375-4001
2026-10-08,2027-09-15,575-600,0,0,0.1,0,0,ZQU7,95.3800,375-4001
2026-10-08,2027-10-27,325-350,0.2,0,0,0,0,ZQV7,95.3600,375-4000
2026-10-08,2027-10-27,350-375,2.2,0,0,0,0,ZQV7,95.3600,375-4000
2026-10-08,2027-10-27,375-400 (Current),9.9,0.7,0.2,0,0,ZQV7,95.3600,375-4000
2026-10-08,2027-10-27,400-425,22.6,6.1,2.9,0,0,ZQV7,95.3600,375-4000
2026-10-08,2027-10-27,425-450,29.4,20.1,12.6,0,1,ZQV7,95.3600,375-4000
2026-10-08,2027-10-27,450-475,22.6,31.1,26.5,0,0,ZQV7,95.3600,375-4000
2026-10-08,2027-10-27,475-500,10.2,26,30.2,0,0,ZQV7,95.3600,375-4000
2026-10-08,2027-10-27,500-525,2.6,12.2,19.3,0,0,ZQV7,95.3600,375-4000
2026-10-08,2027-10-27,525-550,0.3,3.3,6.9,0,0,ZQV7,95.3600,375-4000
2026-10-08,2027-10-27,550-575,0,0.5,1.2,0,0,ZQV7,95.3600,375-4000
2026-10-08,2027-10-27,575-600,0,0,0.1,0,0,ZQV7,95.3600,375-4000
2026-10-08,2027-12-08,350-375,0.1,0,0,0,0,ZQZ7,95.3550,375-4000
2026-10-08,2027-12-08,375-400 (Current),1.4,0,0,0,0,ZQZ7,95.3550,375-4000
2026-10-08,2027-12-08,400-425,6.8,0,0,0,0,ZQZ7,95.3550,375-4000
2026-10-08,2027-12-08,425-450,17.5,0,0,0,0,ZQZ7,95.3550,375-4000
2026-10-08,2027-12-08,450-475,26.7,0,0,0,1,ZQZ7,95.3550,375-4000
2026-10-08,2027-12-08,475-500,25.3,0,0,0,0,ZQZ7,95.3550,375-4000
2026-10-08,2027-12-08,500-525,15.2,0,0,0,0,ZQZ7,95.3550,375-4000
2026-10-08,2027-12-08,525-550,5.6,0,0,0,0,ZQZ7,95.3550,375-4000
2026-10-08,2027-12-08,550-575,1.2,0,0,0,0,ZQZ7,95.3550,375-4000
2026-10-08,2027-12-08,575-600,0.1,0,0,0,0,ZQZ7,95.3550,375-4000
2026-10-09,2026-10-28,350-375,0,0,0,29.8,0,ZQV6,96.1150,375-40082
2026-10-09,2026-10-28,375-400 (Current),82.3,82.3,75.6,54.4,1,ZQV6,96.1150,375-40082
2026-10-09,2026-10-28,400-425,17.7,17.7,24.4,15.8,0,ZQV6,96.1150,375-40082
2026-10-09,2026-12-09,350-375,0,0,0,13.5,0,ZQZ6,95.9350,375-40018
2026-10-09,2026-12-09,375-400 (Current),18.7,20.4,20.2,40.9,0,ZQZ6,95.9350,375-40018
2026-10-09,2026-12-09,400-425,67.6,66.3,61.9,36.9,1,ZQZ6,95.9350,375-40018
2026-10-09,2026-12-09,425-450,13.7,13.3,17.8,8.6,0,ZQZ6,95.9350,375-40018
2026-10-09,2027-01-27,350-375,0,0,0,10.1,0,ZQF7,95.8700,375-40011
2026-10-09,2027-01-27,375-400 (Current),11.8,12.9,12.8,34,0,ZQF7,95.8700,375-40011
2026-10-09,2027-01-27,400-425,49.6,49.4,46.6,37.9,1,ZQF7,95.8700,375-40011
2026-10-09,2027-01-27,425-450,33.5,32.8,34,15.8,0,ZQF7,95.8700,375-40011
2026-10-09,2027-01-27,450-475,5,4.9,6.6,2.2,0,ZQF7,95.8700,375-40011
2026-10-09,2027-03-17,350-375,0,0,0,6.1,0,ZQH7,95.7050,375-4003
2026-10-09,2027-03-17,375-400 (Current),3.8,4.7,4.4,24.7,0,ZQH7,95.7050,375-4003
2026-10-09,2027-03-17,400-425,24,26.2,24.4,36.4,0,ZQH7,95.7050,375-4003
2026-10-09,2027-03-17,425-450,44.4,43.4,42.3,24.4,1,ZQH7,95.7050,375-4003
2026-10-09,2027-03-17,450-475,24.3,22.6,24.6,7.5,0,ZQH7,95.7050,375-4003
2026-10-09,2027-03-17,475-500,3.4,3.1,4.3,0.9,0,ZQH7,95.7050,375-4003
2026-10-09,2027-04-28,350-375,0,0,0,5.2,0,ZQJ7,95.6150,375-4002
2026-10-09,2027-04-28,375-400 (Current),2.5,3,2.8,21.9,0,ZQJ7,95.6150,375-4002
2026-10-09,2027-04-28,400-425,17.1,18.4,17.1,34.6,0,ZQJ7,95.6150,375-4002
2026-10-09,2027-04-28,425-450,37.4,37.1,35.8,26.2,1,ZQJ7,95.6150,375-4002
2026-10-09,2027-04-28,450-475,31.2,30.2,31,10,0,ZQJ7,95.6150,375-4002
2026-10-09,2027-04-28,475-500,10.6,10.2,11.7,1.8,0,ZQJ7,95.6150,375-4002
2026-10-09,2027-04-28,500-525,1.2,1.1,1.6,0.1,0,ZQJ7,95.6150,375-4002
2026-10-09,2027-06-09,350-375,0,0,0,4,0,ZQM7,95.4650,375-4001
2026-10-09,2027-06-09,375-400 (Current),1.5,1.8,1.6,18,0,ZQM7,95.4650,375-4001
2026-10-09,2027-06-09,400-425,11.2,12.1,10.8,31.6,0,ZQM7,95.4650,375-4001
2026-10-09,2027-06-09,425-450,29.2,29.5,27.5,28.2,0,ZQM7,95.4650,375-4001
2026-10-09,2027-06-09,450-475,33.7,33,33.1,13.8,1,ZQM7,95.4650,375-4001
2026-10-09,2027-06-09,475-500,19,18.3,20.3,3.8,0,ZQM7,95.4650,375-4001
2026-10-09,2027-06-09,500-525,5,4.8,6,0.5,0,ZQM7,95.4650,375-4001
2026-10-09,2027-06-09,525-550,0.5,0.5,0.7,0,0,ZQM7,95.4650,375-4001
2026-10-09,2027-07-28,350-375,0,0,0,3.8,0,ZQN7,95.4300,375-4001
2026-10-09,2027-07-28,375-400 (Current),1.3,1.5,1.3,17.3,0,ZQN7,95.4300,375-4001
2026-10-09,2027-07-28,400-425,9.9,10.5,9.2,31,0,ZQN7,95.4300,375-4001
2026-10-09,2027-07-28,425-450,26.8,26.8,24.6,28.4,0,ZQN7,95.4300,375-4001
2026-10-09,2027-07-28,450-475,33.1,32.5,32.1,14.5,1,ZQN7,95.4300,375-4001
2026-10-09,2027-07-28,475-500,20.9,20.6,22.5,4.2,0,ZQN7,95.4300,375-4001
2026-10-09,2027-07-28,500-525,6.9,6.9,8.6,0.7,0,ZQN7,95.4300,375-4001
2026-10-09,2027-07-28,525-550,1.1,1.1,1.6,0.1,0,ZQN7,95.4300,375-4001
2026-10-09,2027-07-28,550-575,0.1,0.1,0.1,0,0,ZQN7,95.4300,375-4001
2026-10-09,2027-09-15,350-375,0,0,0,3.7,0,ZQU7,95.3750,375-4001
2026-10-09,2027-09-15,375-400 (Current),1.1,1.2,1.1,16.8,0,ZQU7,95.3750,375-4001
2026-10-09,2027-09-15,400-425,8.4,9,7.8,30.5,0,ZQU7,95.3750,375-4001
2026-10-09,2027-09-15,425-450,23.8,24,21.9,28.5,0,ZQU7,95.3750,375-4001
2026-10-09,2027-09-15,450-475,32,31.5,30.8,15,1,ZQU7,95.3750,375-4001
2026-10-09,2027-09-15,475-500,23.1,22.7,24.2,4.6,0,ZQU7,95.3750,375-4001
2026-10-09,2027-09-15,500-525,9.3,9.3,11,0.8,0,ZQU7,95.3750,375-4001
2026-10-09,2027-09-15,525-550,2.1,2.1,2.8,0.1,0,ZQU7,95.3750,375-4001
2026-10-09,2027-09-15,550-575,0.2,0.3,0.4,0,0,ZQU7,95.3750,375-4001
2026-10-09,2027-10-27,375-400 (Current),1,1.2,1,0,0,ZQV7,95.3550,375-4001
2026-10-09,2027-10-27,400-425,8,8.6,7.5,0,0,ZQV7,95.3550,375-4001
2026-10-09,2027-10-27,425-450,23.1,23.3,21.2,0,0,ZQV7,95.3550,375-4001
2026-10-09,2027-10-27,450-475,31.6,31.1,30.4,0,1,ZQV7,95.3550,375-4001
2026-10-09,2027-10-27,475-500,23.5,23.1,24.5,0,0,ZQV7,95.3550,375-4001
2026-10-09,2027-10-27,500-525,9.9,9.9,11.6,0,0,ZQV7,95.3550,375-4001
2026-10-09,2027-10-27,525-550,2.4,2.5,3.2,0,0,ZQV7,95.3550,375-4001
2026-10-09,2027-10-27,550-575,0.3,0.3,0.5,0,0,ZQV7,95.3550,375-4001
2026-10-09,2027-12-08,350-375,0.1,0,0,0,0,ZQZ7,95.3625,375-4000
2026-10-09,2027-12-08,375-400 (Current),1.7,0,0,0,0,ZQZ7,95.3625,375-4000
2026-10-09,2027-12-08,400-425,9.5,0,0,0,0,ZQZ7,95.3625,375-4000
2026-10-09,2027-12-08,425-450,23.9,0,0,0,0,ZQZ7,95.3625,375-4000
2026-10-09,2027-12-08,450-475,30.9,0,0,0,1,ZQZ7,95.3625,375-4000
2026-10-09,2027-12-08,475-500,22.2,0,0,0,0,ZQZ7,95.3625,375-4000
2026-10-09,2027-12-08,500-525,9.2,0,0,0,0,ZQZ7,95.3625,375-4000
2026-10-09,2027-12-08,525-550,2.2,0,0,0,0,ZQZ7,95.3625,375-4000
2026-10-09,2027-12-08,550-575,0.3,0,0,0,0,ZQZ7,95.3625,375-4000
2026-10-10,2026-10-28,350-375,0,0,0,27.6,0,ZQV6,96.1150,375-40082
2026-10-10,2026-10-28,375-400 (Current),82.3,82.3,77.9,54.8,1,ZQV6,96.1150,375-40082
2026-10-10,2026-10-28,400-425,17.7,17.7,22.1,17.6,0,ZQV6,96.1150,375-40082
2026-10-10,2026-12-09,350-375,0,0,0,11.9,0,ZQZ6,95.9350,375-40018
2026-10-10,2026-12-09,375-400 (Current),18.7,18.7,14.8,39.4,0,ZQZ6,95.9350,375-40018
2026-10-10,2026-12-09,400-425,67.6,67.6,67.3,38.7,1,ZQZ6,95.9350,375-40018
2026-10-10,2026-12-09,425-450,13.7,13.7,17.9,10,0,ZQZ6,95.9350,375-40018
2026-10-10,2027-01-27,350-375,0,0,0,8.9,0,ZQF7,95.8700,375-40011
2026-10-10,2027-01-27,375-400 (Current),11.8,11.8,9,32.4,0,ZQF7,95.8700,375-40011
2026-10-10,2027-01-27,400-425,49.6,49.6,46.8,38.9,1,ZQF7,95.8700,375-40011
2026-10-10,2027-01-27,425-450,33.5,33.5,37.2,17.2,0,ZQF7,95.8700,375-40011
2026-10-10,2027-01-27,450-475,5,5,7,2.5,0,ZQF7,95.8700,375-40011
2026-10-10,2027-03-17,350-375,0,0,0,5.3,0,ZQH7,95.7150,375-4003
2026-10-10,2027-03-17,375-400 (Current),3.8,3.8,2.4,22.8,0,ZQH7,95.7150,375-4003
2026-10-10,2027-03-17,400-425,24,24,19.1,36.2,0,ZQH7,95.7150,375-4003
2026-10-10,2027-03-17,425-450,44.4,44.4,44.2,26.1,1,ZQH7,95.7150,375-4003
2026-10-10,2027-03-17,450-475,24.3,24.3,29.1,8.5,0,ZQH7,95.7150,375-4003
2026-10-10,2027-03-17,475-500,3.4,3.4,5.1,1,0,ZQH7,95.7150,375-4003
2026-10-10,2027-04-28,350-375,0,0,0,4.4,0,ZQJ7,95.6150,375-4002
2026-10-10,2027-04-28,375-400 (Current),2.5,2.5,1.4,19.8,0,ZQJ7,95.6150,375-4002
2026-10-10,2027-04-28,400-425,17.1,17.1,12.3,33.9,0,ZQJ7,95.6150,375-4002
2026-10-10,2027-04-28,425-450,37.4,37.4,34,27.8,1,ZQJ7,95.6150,375-4002
2026-10-10,2027-04-28,450-475,31.2,31.2,35.3,11.5,0,ZQJ7,95.6150,375-4002
2026-10-10,2027-04-28,475-500,10.6,10.6,14.9,2.3,0,ZQJ7,95.6150,375-4002
2026-10-10,2027-04-28,500-525,1.2,1.2,2.1,0.2,0,ZQJ7,95.6150,375-4002
2026-10-10,2027-06-09,350-375,0,0,0,3.4,0,ZQM7,95.4650,375-4001
2026-10-10,2027-06-09,375-400 (Current),1.5,1.5,0.8,16.2,0,ZQM7,95.4650,375-4001
2026-10-10,2027-06-09,400-425,11.2,11.2,7.3,30.6,0,ZQM7,95.4650,375-4001
2026-10-10,2027-06-09,425-450,29.2,29.2,24,29.2,0,ZQM7,95.4650,375-4001
2026-10-10,2027-06-09,450-475,33.7,33.7,34.7,15.3,1,ZQM7,95.4650,375-4001
2026-10-10,2027-06-09,475-500,19,19,24.3,4.5,0,ZQM7,95.4650,375-4001
2026-10-10,2027-06-09,500-525,5,5,8,0.7,0,ZQM7,95.4650,375-4001
2026-10-10,2027-06-09,525-550,0.5,0.5,1,0,0,ZQM7,95.4650,375-4001
2026-10-10,2027-07-28,350-375,0,0,0,3.1,0,ZQN7,95.4300,375-4001
2026-10-10,2027-07-28,375-400 (Current),1.3,1.3,0.6,15.4,0,ZQN7,95.4300,375-4001
2026-10-10,2027-07-28,400-425,9.9,9.9,6.1,29.7,0,ZQN7,95.4300,375-4001
2026-10-10,2027-07-28,425-450,26.8,26.8,21,29.3,0,ZQN7,95.4300,375-4001
2026-10-10,2027-07-28,450-475,33.1,33.1,32.8,16.3,1,ZQN7,95.4300,375-4001
2026-10-10,2027-07-28,475-500,20.9,20.9,26.2,5.2,0,ZQN7,95.4300,375-4001
2026-10-10,2027-07-28,500-525,6.9,6.9,10.9,0.9,0,ZQN7,95.4300,375-4001
2026-10-10,2027-07-28,525-550,1.1,1.1,2.2,0.1,0,ZQN7,95.4300,375-4001
2026-10-10,2027-07-28,550-575,0.1,0.1,0.2,0,0,ZQN7,95.4300,375-4001
2026-10-10,2027-09-15,350-375,0,0,0,2.9,0,ZQU7,95.3750,375-4001
2026-10-10,2027-09-15,375-400 (Current),1.1,1.1,0.5,14.4,0,ZQU7,95.3750,375-4001
2026-10-10,2027-09-15,400-425,8.4,8.4,5.2,28.5,0,ZQU7,95.3750,375-4001
2026-10-10,2027-09-15,425-450,23.8,23.8,18.4,29.4,0,ZQU7,95.3750,375-4001
2026-10-10,2027-09-15,450-475,32,32,30.7,17.3,1,ZQU7,95.3750,375-4001
2026-10-10,2027-09-15,475-500,23.1,23.1,27.3,6.1,0,ZQU7,95.3750,375-4001
2026-10-10,2027-09-15,500-525,9.3,9.3,13.6,1.3,0,ZQU7,95.3750,375-4001
2026-10-10,2027-09-15,525-550,2.1,2.1,3.7,0.2,0,ZQU7,95.3750,375-4001
2026-10-10,2027-09-15,550-575,0.2,0.2,0.5,0,0,ZQU7,95.3750,375-4001
2026-10-10,2027-10-27,375-400 (Current),1,1,0.5,0,0,ZQV7,95.3550,375-4001
2026-10-10,2027-10-27,400-425,8,8,5,0,0,ZQV7,95.3550,375-4001
2026-10-10,2027-10-27,425-450,23.1,23.1,17.8,0,0,ZQV7,95.3550,375-4001
2026-10-10,2027-10-27,450-475,31.6,31.6,30.2,0,1,ZQV7,95.3550,375-4001
2026-10-10,2027-10-27,475-500,23.5,23.5,27.5,0,0,ZQV7,95.3550,375-4001
2026-10-10,2027-10-27,500-525,9.9,9.9,14.2,0,0,ZQV7,95.3550,375-4001
2026-10-10,2027-10-27,525-550,2.4,2.4,4.2,0,0,ZQV7,95.3550,375-4001
2026-10-10,2027-10-27,550-575,0.3,0.3,0.7,0,0,ZQV7,95.3550,375-4001
2026-10-10,2027-10-27,575-600,0,0,0.1,0,0,ZQV7,95.3550,375-4001
2026-10-10,2027-12-08,375-400 (Current),1.2,0,0,0,0,ZQZ7,95.3500,375-4001
2026-10-10,2027-12-08,400-425,8.5,0,0,0,0,ZQZ7,95.3500,375-4001
2026-10-10,2027-12-08,425-450,23.4,0,0,0,0,ZQZ7,95.3500,375-4001
2026-10-10,2027-12-08,450-475,31.4,0,0,0,1,ZQZ7,95.3500,375-4001
2026-10-10,2027-12-08,475-500,23.1,0,0,0,0,ZQZ7,95.3500,375-4001
2026-10-10,2027-12-08,500-525,9.7,0,0,0,0,ZQZ7,95.3500,375-4001
2026-10-10,2027-12-08,525-550,2.4,0,0,0,0,ZQZ7,95.3500,375-4001
2026-10-10,2027-12-08,550-575,0.3,0,0,0,0,ZQZ7,95.3500,375-4001
